timestamp_utc,lat,lon,altitude_m,ground_speed_mps,vertical_speed_mps,roll_deg,pitch_deg,yaw_deg,flight_mode,armed,battery_voltage,battery_remaining_pct,gps_fix,satellites,link_rssi
2025-12-06T17:51:54.354114,37.6188075,-122.3754160,5.62,1.38,3.04,0.09,0.39,90.04,MANUAL,1,16.79,100.00,1,13,-45.1
2025-12-06T17:51:54.554114,37.6188114,-122.3754160,6.22,2.16,2.99,0.43,0.18,90.07,MANUAL,1,16.79,99.99,1,13,-45.1
2025-12-06T17:51:54.754114,37.6188166,-122.3754160,6.80,2.89,3.01,0.27,0.42,90.18,MANUAL,1,16.79,99.99,1,13,-45.2
2025-12-06T17:51:54.954114,37.6188229,-122.3754161,7.41,3.51,3.14,-0.30,-0.14,90.24,MANUAL,1,16.81,99.98,1,12,-45.3
2025-12-06T17:51:55.154114,37.6188301,-122.3754161,8.04,4.01,3.07,0.28,0.32,90.28,MANUAL,1,16.79,99.98,1,11,-45.3
2025-12-06T17:51:55.354114,37.6188381,-122.3754162,8.64,4.48,3.02,0.09,0.05,90.27,MANUAL,1,16.82,99.98,1,13,-45.3
2025-12-06T17:51:55.554114,37.6188467,-122.3754162,9.24,4.80,2.98,-0.15,0.40,90.32,MANUAL,1,16.80,99.97,1,12,-45.3
2025-12-06T17:51:55.754114,37.6188562,-122.3754163,9.82,5.27,3.05,0.40,0.29,90.29,MANUAL,1,16.79,99.97,1,14,-45.6
2025-12-06T17:51:55.954114,37.6188662,-122.3754163,10.41,5.56,3.00,0.09,0.64,90.31,MANUAL,1,16.79,99.96,1,12,-45.7
2025-12-06T17:51:56.154114,37.6188766,-122.3754164,11.02,5.80,2.96,0.38,0.44,90.22,MANUAL,1,16.79,99.96,1,13,-45.4
2025-12-06T17:51:56.354114,37.6188876,-122.3754164,11.63,6.10,2.99,0.46,0.66,90.22,MANUAL,1,16.79,99.96,1,11,-45.5
2025-12-06T17:51:56.554114,37.6188989,-122.3754165,12.21,6.31,3.03,0.28,0.44,90.19,MANUAL,1,16.79,99.95,1,14,-45.6
2025-12-06T17:51:56.754114,37.6189106,-122.3754165,12.82,6.50,3.10,0.80,0.45,90.21,MANUAL,1,16.79,99.95,1,11,-45.7
2025-12-06T17:51:56.954114,37.6189227,-122.3754166,13.42,6.73,3.03,0.57,0.92,90.27,MANUAL,1,16.78,99.94,1,14,-45.9
2025-12-06T17:51:57.154114,37.6189350,-122.3754167,14.01,6.87,3.05,0.36,0.33,90.23,MANUAL,1,16.79,99.94,1,14,-45.9
2025-12-06T17:51:57.354114,37.6189477,-122.3754168,14.58,7.07,2.93,0.71,0.70,90.25,MANUAL,1,16.79,99.94,1,14,-45.9
2025-12-06T17:51:57.554114,37.6189606,-122.3754168,15.17,7.18,3.03,0.14,0.21,90.21,MANUAL,1,16.79,99.93,1,13,-45.9
2025-12-06T17:51:57.754114,37.6189736,-122.3754169,15.78,7.24,2.96,0.90,0.40,90.23,MANUAL,1,16.78,99.93,1,16,-45.9
2025-12-06T17:51:57.954114,37.6189868,-122.3754169,16.36,7.31,3.02,0.84,0.11,90.15,MANUAL,1,16.79,99.92,1,13,-45.9
2025-12-06T17:51:58.154114,37.6190001,-122.3754169,16.96,7.39,3.02,0.31,0.47,90.08,MANUAL,1,16.78,99.92,1,14,-45.7
2025-12-06T17:51:58.354114,37.6190135,-122.3754170,17.55,7.47,2.95,0.83,0.56,90.15,MANUAL,1,16.78,99.92,1,13,-45.8
2025-12-06T17:51:58.554114,37.6190270,-122.3754170,18.12,7.55,2.99,0.94,0.60,90.15,MANUAL,1,16.78,99.91,1,13,-45.9
2025-12-06T17:51:58.754114,37.6190408,-122.3754171,18.75,7.67,3.04,0.90,0.59,90.21,MANUAL,1,16.80,99.91,1,14,-45.9
2025-12-06T17:51:58.954114,37.6190546,-122.3754172,19.35,7.65,2.95,1.37,0.32,90.27,MANUAL,1,16.79,99.90,1,13,-46.2
2025-12-06T17:51:59.154114,37.6190682,-122.3754173,19.96,7.61,2.96,0.96,0.50,90.29,MANUAL,1,16.80,99.90,1,14,-46.1
2025-12-06T17:51:59.354114,37.6190820,-122.3754174,20.49,7.67,2.95,0.75,0.61,90.43,MANUAL,1,16.80,99.90,1,12,-46.1
2025-12-06T17:51:59.554114,37.6190958,-122.3754176,21.08,7.69,3.00,0.64,0.80,90.50,MANUAL,1,16.79,99.89,1,13,-46.1
2025-12-06T17:51:59.754114,37.6191098,-122.3754177,21.68,7.79,3.01,0.95,0.20,90.55,MANUAL,1,16.76,99.89,1,14,-46.2
2025-12-06T17:51:59.954114,37.6191236,-122.3754179,22.28,7.69,2.99,0.70,0.72,90.69,MANUAL,1,16.78,99.88,1,13,-46.2
2025-12-06T17:52:00.154114,37.6191375,-122.3754182,22.87,7.73,2.97,1.10,0.73,90.73,MANUAL,1,16.79,99.88,1,11,-46.3
2025-12-06T17:52:00.354114,37.6191515,-122.3754184,23.46,7.75,3.05,1.20,0.54,90.72,MANUAL,1,16.77,99.88,1,13,-46.4
2025-12-06T17:52:00.554114,37.6191653,-122.3754186,24.06,7.70,3.04,1.23,0.64,90.78,MANUAL,1,16.77,99.87,1,15,-46.5
2025-12-06T17:52:00.754114,37.6191792,-122.3754189,24.68,7.76,3.04,0.95,0.40,90.88,MANUAL,1,16.76,99.87,1,12,-46.6
2025-12-06T17:52:00.954114,37.6191931,-122.3754192,25.27,7.72,3.00,1.11,0.42,90.92,MANUAL,1,16.77,99.86,1,13,-46.7
2025-12-06T17:52:01.154114,37.6192070,-122.3754195,25.87,7.73,2.99,1.33,0.77,90.93,MANUAL,1,16.76,99.86,1,14,-46.6
2025-12-06T17:52:01.354114,37.6192210,-122.3754197,26.47,7.80,2.98,1.74,0.61,90.89,MANUAL,1,16.76,99.86,1,11,-46.6
2025-12-06T17:52:01.554114,37.6192350,-122.3754200,27.08,7.82,3.01,1.60,0.42,91.01,MANUAL,1,16.76,99.85,1,13,-46.7
2025-12-06T17:52:01.754114,37.6192489,-122.3754204,27.68,7.71,2.97,1.15,0.88,91.06,MANUAL,1,16.79,99.85,1,14,-46.7
2025-12-06T17:52:01.954114,37.6192628,-122.3754207,28.29,7.71,3.00,1.21,0.67,91.06,MANUAL,1,16.77,99.84,1,13,-46.8
2025-12-06T17:52:02.154114,37.6192767,-122.3754210,28.96,7.74,3.07,1.17,0.74,91.13,MANUAL,1,16.77,99.84,1,15,-46.7
2025-12-06T17:52:02.354114,37.6192905,-122.3754214,29.53,7.70,2.97,1.12,0.83,91.22,MANUAL,1,16.79,99.84,1,13,-46.8
2025-12-06T17:52:02.554114,37.6193044,-122.3754218,30.13,7.78,2.96,1.65,0.69,91.29,MANUAL,1,16.79,99.83,1,16,-46.8
2025-12-06T17:52:02.754114,37.6193183,-122.3754222,30.75,7.71,3.02,1.98,0.73,91.36,MANUAL,1,16.77,99.83,1,15,-46.9
2025-12-06T17:52:02.954114,37.6193322,-122.3754227,31.36,7.74,2.98,1.62,0.91,91.42,MANUAL,1,16.77,99.82,1,16,-46.9
2025-12-06T17:52:03.154114,37.6193463,-122.3754231,31.96,7.83,3.04,1.64,0.82,91.48,MANUAL,1,16.77,99.82,1,15,-47.1
2025-12-06T17:52:03.354114,37.6193605,-122.3754236,32.53,7.90,2.95,1.90,0.67,91.64,MANUAL,1,16.77,99.82,1,12,-47.2
2025-12-06T17:52:03.554114,37.6193747,-122.3754242,33.16,7.95,2.97,1.07,0.94,91.74,MANUAL,1,16.78,99.81,1,13,-47.2
2025-12-06T17:52:03.754114,37.6193892,-122.3754248,33.76,8.03,2.96,2.02,1.10,91.80,MANUAL,1,16.78,99.81,1,15,-47.2
2025-12-06T17:52:03.954114,37.6194036,-122.3754253,34.37,8.03,3.00,2.04,0.80,91.77,MANUAL,1,16.76,99.80,1,14,-47.2
2025-12-06T17:52:04.154114,37.6194180,-122.3754259,34.99,8.03,3.04,2.05,0.75,91.81,MANUAL,1,16.76,99.80,1,14,-47.2
2025-12-06T17:52:04.354114,37.6194323,-122.3754265,35.59,7.97,2.97,2.22,0.77,91.79,MANUAL,1,16.77,99.80,1,15,-47.4
2025-12-06T17:52:04.554114,37.6194466,-122.3754270,36.18,7.94,2.98,1.99,0.90,91.80,MANUAL,1,16.78,99.79,1,14,-47.4
2025-12-06T17:52:04.754114,37.6194609,-122.3754276,36.80,7.98,3.07,1.83,0.92,91.87,MANUAL,1,16.77,99.79,1,16,-47.3
2025-12-06T17:52:04.954114,37.6194753,-122.3754282,37.40,8.00,3.09,1.67,0.84,91.88,MANUAL,1,16.75,99.78,1,14,-47.2
2025-12-06T17:52:05.154114,37.6194896,-122.3754288,38.02,7.98,3.10,2.15,0.98,91.99,MANUAL,1,16.78,99.78,1,15,-47.1
2025-12-06T17:52:05.354114,37.6195039,-122.3754295,38.60,7.98,3.02,2.02,1.09,92.08,MANUAL,1,16.77,99.78,1,12,-47.0
2025-12-06T17:52:05.554114,37.6195183,-122.3754302,39.17,8.00,2.95,2.36,0.93,92.16,MANUAL,1,16.78,99.77,1,14,-47.0
2025-12-06T17:52:05.754114,37.6195327,-122.3754309,39.72,8.02,2.93,2.52,0.86,92.28,MANUAL,1,16.77,99.77,1,13,-47.0
2025-12-06T17:52:05.954114,37.6195471,-122.3754317,40.33,8.04,2.89,2.19,1.10,92.38,MANUAL,1,16.74,99.76,1,16,-47.0
2025-12-06T17:52:06.154114,37.6195616,-122.3754325,40.90,8.09,2.98,2.11,0.86,92.54,MANUAL,1,16.76,99.76,1,15,-47.0
2025-12-06T17:52:06.354114,37.6195761,-122.3754333,41.51,8.07,3.00,2.15,1.17,92.64,MANUAL,1,16.76,99.76,1,13,-46.9
2025-12-06T17:52:06.554114,37.6195907,-122.3754342,42.11,8.12,3.05,1.96,1.07,92.78,MANUAL,1,16.75,99.75,1,16,-47.0
2025-12-06T17:52:06.754114,37.6196054,-122.3754351,42.71,8.17,2.99,2.15,0.68,92.89,MANUAL,1,16.75,99.75,1,14,-46.9
2025-12-06T17:52:06.954114,37.6196199,-122.3754361,43.30,8.09,2.90,2.45,0.91,92.92,MANUAL,1,16.76,99.74,1,14,-46.7
2025-12-06T17:52:07.154114,37.6196345,-122.3754371,43.92,8.13,3.02,2.84,0.78,93.04,MANUAL,1,16.75,99.74,1,13,-46.8
2025-12-06T17:52:07.354114,37.6196490,-122.3754381,44.49,8.13,2.91,2.69,1.15,93.21,MANUAL,1,16.75,99.74,1,12,-46.9
2025-12-06T17:52:07.554114,37.6196635,-122.3754392,45.07,8.07,3.00,2.57,1.20,93.32,MANUAL,1,16.75,99.73,1,15,-47.0
2025-12-06T17:52:07.754114,37.6196779,-122.3754402,45.66,8.04,3.00,2.39,1.26,93.37,MANUAL,1,16.76,99.73,1,13,-47.0
2025-12-06T17:52:07.954114,37.6196924,-122.3754413,46.26,8.05,3.09,2.38,1.33,93.52,MANUAL,1,16.75,99.72,1,14,-47.1
2025-12-06T17:52:08.154114,37.6197069,-122.3754425,46.87,8.10,2.95,2.80,0.88,93.57,MANUAL,1,16.74,99.72,1,14,-47.1
2025-12-06T17:52:08.354114,37.6197212,-122.3754437,47.47,8.00,2.99,2.46,1.32,93.69,MANUAL,1,16.76,99.72,1,13,-47.1
2025-12-06T17:52:08.554114,37.6197356,-122.3754449,48.08,8.03,3.01,2.74,0.82,93.81,MANUAL,1,16.75,99.71,1,12,-47.0
2025-12-06T17:52:08.754114,37.6197500,-122.3754461,48.73,7.99,3.08,2.57,1.57,93.89,MANUAL,1,16.75,99.71,1,10,-47.1
2025-12-06T17:52:08.954114,37.6197643,-122.3754473,49.35,8.00,3.02,2.34,0.72,93.96,MANUAL,1,16.73,99.70,1,13,-47.0
2025-12-06T17:52:09.154114,37.6197786,-122.3754486,49.99,7.96,2.93,2.85,1.03,94.01,MANUAL,1,16.76,99.70,1,13,-47.1
2025-12-06T17:52:09.354114,37.6197929,-122.3754499,50.61,8.03,3.02,2.89,1.33,94.08,MANUAL,1,16.75,99.70,1,16,-47.2
2025-12-06T17:52:09.554114,37.6198074,-122.3754512,51.17,8.10,3.00,2.61,0.84,94.19,MANUAL,1,16.75,99.69,1,14,-47.3
2025-12-06T17:52:09.754114,37.6198218,-122.3754526,51.75,8.04,2.94,3.39,0.87,94.27,MANUAL,1,16.74,99.69,1,14,-47.1
2025-12-06T17:52:09.954114,37.6198363,-122.3754540,52.32,8.08,2.94,2.71,0.92,94.41,MANUAL,1,16.75,99.68,1,13,-47.1
2025-12-06T17:52:10.154114,37.6198507,-122.3754555,52.92,8.01,3.03,3.24,1.42,94.56,MANUAL,1,16.75,99.68,1,14,-47.2
2025-12-06T17:52:10.354114,37.6198650,-122.3754569,53.55,8.00,3.02,3.74,1.18,94.66,MANUAL,1,16.72,99.68,1,15,-47.1
2025-12-06T17:52:10.554114,37.6198795,-122.3754585,54.18,8.09,3.09,3.39,1.26,94.81,MANUAL,1,16.74,99.67,1,17,-47.1
2025-12-06T17:52:10.754114,37.6198937,-122.3754600,54.78,7.97,2.96,2.85,1.12,94.85,MANUAL,1,16.75,99.67,1,15,-47.1
2025-12-06T17:52:10.954114,37.6199080,-122.3754616,55.36,7.98,3.06,3.26,1.43,95.06,MANUAL,1,16.74,99.66,1,15,-47.0
2025-12-06T17:52:11.154114,37.6199222,-122.3754632,55.97,7.91,3.02,2.66,1.25,95.16,MANUAL,1,16.77,99.66,1,14,-47.3
2025-12-06T17:52:11.354114,37.6199363,-122.3754649,56.58,7.87,2.91,3.29,1.35,95.32,MANUAL,1,16.73,99.66,1,10,-47.3
2025-12-06T17:52:11.554114,37.6199504,-122.3754666,57.16,7.89,2.95,3.19,1.21,95.49,MANUAL,1,16.73,99.65,1,14,-47.2
2025-12-06T17:52:11.754114,37.6199644,-122.3754683,57.73,7.86,3.04,3.16,1.28,95.64,MANUAL,1,16.72,99.65,1,15,-47.3
2025-12-06T17:52:11.954114,37.6199784,-122.3754701,58.33,7.81,2.94,3.06,0.86,95.76,MANUAL,1,16.75,99.64,1,15,-47.3
2025-12-06T17:52:12.154114,37.6199923,-122.3754719,58.93,7.81,3.07,2.74,1.48,95.87,MANUAL,1,16.74,99.64,1,13,-47.2
2025-12-06T17:52:12.354114,37.6200064,-122.3754738,59.52,7.85,2.98,3.30,1.36,96.04,MANUAL,1,16.75,99.64,1,14,-47.3
2025-12-06T17:52:12.554114,37.6200204,-122.3754757,60.14,7.86,3.05,3.11,1.63,96.20,MANUAL,1,16.74,99.63,1,12,-47.4
2025-12-06T17:52:12.754114,37.6200347,-122.3754777,60.69,7.99,2.91,3.33,0.85,96.37,MANUAL,1,16.75,99.63,1,13,-47.4
2025-12-06T17:52:12.954114,37.6200490,-122.3754798,61.26,8.04,2.94,2.95,1.31,96.51,MANUAL,1,16.75,99.62,1,14,-47.4
2025-12-06T17:52:13.154114,37.6200633,-122.3754819,61.90,8.01,2.98,3.51,0.91,96.60,MANUAL,1,16.72,99.62,1,13,-47.4
2025-12-06T17:52:13.354114,37.6200777,-122.3754840,62.51,8.03,3.08,3.67,1.15,96.76,MANUAL,1,16.75,99.62,1,14,-47.4
2025-12-06T17:52:13.554114,37.6200920,-122.3754862,63.13,8.05,2.98,3.26,1.62,96.90,MANUAL,1,16.72,99.61,1,13,-47.4
2025-12-06T17:52:13.754114,37.6201063,-122.3754884,63.71,7.99,2.96,3.40,1.37,97.03,MANUAL,1,16.73,99.61,1,14,-47.5
2025-12-06T17:52:13.954114,37.6201206,-122.3754907,64.29,8.01,3.01,3.20,1.30,97.19,MANUAL,1,16.74,99.60,1,12,-47.5
2025-12-06T17:52:14.154114,37.6201349,-122.3754931,64.86,8.02,2.97,3.26,1.38,97.42,MANUAL,1,16.73,99.60,1,13,-47.6
2025-12-06T17:52:14.354114,37.6201491,-122.3754955,65.45,7.99,2.95,3.38,1.41,97.62,MANUAL,1,16.71,99.60,1,14,-47.5
2025-12-06T17:52:14.554114,37.6201633,-122.3754979,66.08,7.98,3.02,3.61,1.25,97.73,MANUAL,1,16.74,99.59,1,15,-47.6
2025-12-06T17:52:14.754114,37.6201774,-122.3755004,66.66,7.91,2.96,3.06,1.36,97.82,MANUAL,1,16.73,99.59,1,13,-47.7
2025-12-06T17:52:14.954114,37.6201913,-122.3755028,67.26,7.83,2.97,3.69,1.44,97.96,MANUAL,1,16.73,99.58,1,13,-47.7
2025-12-06T17:52:15.154114,37.6202053,-122.3755053,67.88,7.85,3.05,3.37,1.42,98.15,MANUAL,1,16.72,99.58,1,15,-47.7
2025-12-06T17:52:15.354114,37.6202194,-122.3755080,68.46,7.97,2.94,3.95,1.00,98.40,MANUAL,1,16.73,99.58,1,14,-47.7
2025-12-06T17:52:15.554114,37.6202337,-122.3755107,69.09,8.03,3.00,4.13,1.48,98.55,MANUAL,1,16.73,99.57,1,13,-47.7
2025-12-06T17:52:15.754114,37.6202480,-122.3755135,69.68,8.08,2.98,3.67,1.35,98.69,MANUAL,1,16.72,99.57,1,12,-47.6
2025-12-06T17:52:15.954114,37.6202622,-122.3755162,70.27,7.99,2.99,3.65,1.36,98.80,MANUAL,1,16.72,99.56,1,13,-47.6
2025-12-06T17:52:16.154114,37.6202764,-122.3755190,70.85,7.99,2.96,3.89,1.43,98.93,MANUAL,1,16.73,99.56,1,11,-47.7
2025-12-06T17:52:16.354114,37.6202906,-122.3755219,71.48,8.00,3.07,3.02,1.59,99.17,MANUAL,1,16.73,99.56,1,14,-47.4
2025-12-06T17:52:16.554114,37.6203049,-122.3755249,72.12,8.04,3.03,3.66,0.87,99.33,MANUAL,1,16.72,99.55,1,12,-47.6
2025-12-06T17:52:16.754114,37.6203190,-122.3755279,72.74,7.97,3.04,4.01,1.52,99.50,MANUAL,1,16.73,99.55,1,14,-47.6
2025-12-06T17:52:16.954114,37.6203332,-122.3755309,73.37,8.04,2.99,4.27,1.55,99.67,MANUAL,1,16.73,99.54,1,13,-47.7
2025-12-06T17:52:17.154114,37.6203474,-122.3755341,73.99,8.04,3.03,3.79,1.66,99.89,MANUAL,1,16.70,99.54,1,13,-47.7
2025-12-06T17:52:17.354114,37.6203618,-122.3755373,74.57,8.09,2.90,4.24,1.48,100.09,MANUAL,1,16.72,99.54,1,13,-47.6
2025-12-06T17:52:17.554114,37.6203760,-122.3755406,75.19,8.06,3.01,4.04,1.19,100.32,MANUAL,1,16.71,99.53,1,14,-47.6
2025-12-06T17:52:17.754114,37.6203902,-122.3755439,75.79,8.01,3.03,4.13,1.23,100.54,MANUAL,1,16.73,99.53,1,14,-47.5
2025-12-06T17:52:17.954114,37.6204042,-122.3755472,76.38,7.96,2.93,4.15,1.65,100.59,MANUAL,1,16.71,99.52,1,14,-47.7
2025-12-06T17:52:18.154114,37.6204184,-122.3755506,77.02,8.03,3.03,4.51,1.30,100.81,MANUAL,1,16.73,99.52,1,16,-47.7
2025-12-06T17:52:18.354114,37.6204325,-122.3755541,77.65,7.97,3.05,3.58,1.47,100.98,MANUAL,1,16.73,99.52,1,13,-47.6
2025-12-06T17:52:18.554114,37.6204465,-122.3755576,78.26,7.95,3.05,4.39,1.46,101.18,MANUAL,1,16.71,99.51,1,14,-47.7
2025-12-06T17:52:18.754114,37.6204605,-122.3755611,78.89,7.97,3.02,3.92,1.12,101.35,MANUAL,1,16.72,99.51,1,14,-47.4
2025-12-06T17:52:18.954114,37.6204746,-122.3755647,79.49,8.00,3.07,4.04,1.52,101.51,MANUAL,1,16.73,99.50,1,14,-47.6
2025-12-06T17:52:19.154114,37.6204887,-122.3755684,80.08,8.01,3.02,4.05,1.18,101.69,MANUAL,1,16.70,99.50,1,12,-47.7
2025-12-06T17:52:19.354114,37.6205027,-122.3755721,80.69,7.99,2.96,4.31,1.46,101.77,MANUAL,1,16.72,99.50,1,15,-47.7
2025-12-06T17:52:19.554114,37.6205168,-122.3755759,81.31,7.99,3.02,4.34,1.71,101.98,MANUAL,1,16.72,99.49,1,13,-47.8
2025-12-06T17:52:19.754114,37.6205309,-122.3755797,81.88,8.04,2.94,4.72,1.49,102.11,MANUAL,1,16.73,99.49,1,12,-47.7
2025-12-06T17:52:19.954114,37.6205450,-122.3755836,82.47,8.01,3.01,4.70,1.32,102.31,MANUAL,1,16.70,99.48,1,14,-47.6
2025-12-06T17:52:20.154114,37.6205589,-122.3755875,83.05,7.96,3.00,4.24,1.54,102.47,MANUAL,1,16.71,99.48,1,11,-47.8
2025-12-06T17:52:20.354114,37.6205727,-122.3755914,83.64,7.86,3.06,4.35,1.56,102.62,MANUAL,1,16.69,99.48,1,14,-47.8
2025-12-06T17:52:20.554114,37.6205866,-122.3755953,84.26,7.90,3.04,4.60,2.10,102.76,MANUAL,1,16.71,99.47,1,13,-47.9
2025-12-06T17:52:20.754114,37.6206003,-122.3755993,84.87,7.87,3.02,3.77,1.70,102.98,MANUAL,1,16.71,99.47,1,12,-47.9
2025-12-06T17:52:20.954114,37.6206141,-122.3756034,85.47,7.86,2.97,4.64,1.68,103.17,MANUAL,1,16.71,99.46,1,11,-48.2
2025-12-06T17:52:21.154114,37.6206279,-122.3756075,86.09,7.88,3.04,4.12,1.71,103.39,MANUAL,1,16.71,99.46,1,14,-48.0
2025-12-06T17:52:21.354114,37.6206417,-122.3756118,86.70,7.92,3.00,4.60,1.57,103.55,MANUAL,1,16.73,99.46,1,11,-47.9
2025-12-06T17:52:21.554114,37.6206557,-122.3756161,87.32,8.03,2.96,4.57,1.15,103.70,MANUAL,1,16.72,99.45,1,13,-48.0
2025-12-06T17:52:21.754114,37.6206696,-122.3756204,87.91,7.97,2.90,4.70,1.62,103.94,MANUAL,1,16.71,99.45,1,15,-48.0
2025-12-06T17:52:21.954114,37.6206835,-122.3756249,88.50,7.96,2.98,4.37,1.59,104.24,MANUAL,1,16.70,99.44,1,13,-47.9
2025-12-06T17:52:22.154114,37.6206974,-122.3756294,89.10,7.97,3.03,4.38,1.62,104.47,MANUAL,1,16.71,99.44,1,13,-47.9
2025-12-06T17:52:22.354114,37.6207112,-122.3756340,89.65,7.97,2.87,4.49,1.49,104.66,MANUAL,1,16.69,99.44,1,12,-47.8
2025-12-06T17:52:22.554114,37.6207249,-122.3756386,90.28,7.89,3.02,4.71,1.71,104.89,MANUAL,1,16.70,99.43,1,15,-47.9
2025-12-06T17:52:22.754114,37.6207386,-122.3756433,90.87,7.91,2.95,4.52,1.64,105.15,MANUAL,1,16.70,99.43,1,13,-48.1
2025-12-06T17:52:22.954114,37.6207523,-122.3756480,91.42,7.91,2.96,4.32,1.70,105.29,MANUAL,1,16.71,99.42,1,13,-48.1
2025-12-06T17:52:23.154114,37.6207661,-122.3756528,92.04,7.95,3.05,4.43,1.71,105.55,MANUAL,1,16.72,99.42,1,15,-47.9
2025-12-06T17:52:23.354114,37.6207799,-122.3756577,92.61,7.96,2.96,4.39,1.79,105.78,MANUAL,1,16.71,99.42,1,15,-48.0
2025-12-06T17:52:23.554114,37.6207936,-122.3756627,93.23,7.96,3.02,4.55,1.46,106.04,MANUAL,1,16.71,99.41,1,14,-47.9
2025-12-06T17:52:23.754114,37.6208074,-122.3756678,93.84,7.98,3.03,4.51,1.81,106.22,MANUAL,1,16.72,99.41,1,14,-47.9
2025-12-06T17:52:23.954114,37.6208211,-122.3756729,94.46,7.96,2.95,4.13,1.60,106.51,MANUAL,1,16.71,99.40,1,14,-47.9
2025-12-06T17:52:24.154114,37.6208349,-122.3756781,95.08,8.01,3.01,4.87,1.41,106.68,MANUAL,1,16.69,99.40,1,14,-47.9
2025-12-06T17:52:24.354114,37.6208487,-122.3756834,95.65,8.02,2.91,4.48,1.55,106.86,MANUAL,1,16.69,99.40,1,15,-48.0
2025-12-06T17:52:24.554114,37.6208625,-122.3756888,96.22,8.04,2.99,4.81,1.90,107.09,MANUAL,1,16.70,99.39,1,13,-48.1
2025-12-06T17:52:24.754114,37.6208763,-122.3756942,96.81,8.05,2.94,4.30,1.61,107.35,MANUAL,1,16.69,99.39,1,12,-48.3
2025-12-06T17:52:24.954114,37.6208900,-122.3756997,97.40,8.01,3.00,4.21,1.97,107.55,MANUAL,1,16.69,99.38,1,12,-48.3
2025-12-06T17:52:25.154114,37.6209038,-122.3757053,97.98,8.03,3.01,4.36,1.73,107.82,MANUAL,1,16.69,99.38,1,13,-48.4
2025-12-06T17:52:25.354114,37.6209175,-122.3757109,98.59,8.05,2.98,4.86,1.54,108.04,MANUAL,1,16.68,99.38,1,14,-48.4
2025-12-06T17:52:25.554114,37.6209313,-122.3757167,99.21,8.09,3.08,4.76,1.84,108.25,MANUAL,1,16.71,99.37,1,13,-48.4
2025-12-06T17:52:25.754114,37.6209451,-122.3757225,99.79,8.10,2.99,4.12,1.76,108.51,MANUAL,1,16.68,99.37,1,17,-48.3
2025-12-06T17:52:25.954114,37.6209587,-122.3757283,100.39,7.99,3.01,4.68,1.79,108.72,MANUAL,1,16.71,99.36,1,14,-48.5
2025-12-06T17:52:26.154114,37.6209722,-122.3757342,100.99,7.92,3.05,4.86,1.97,108.99,MANUAL,1,16.67,99.36,1,12,-48.4
2025-12-06T17:52:26.354114,37.6209856,-122.3757401,101.62,7.95,3.06,4.98,1.79,109.28,MANUAL,1,16.68,99.36,1,13,-48.7
2025-12-06T17:52:26.554114,37.6209989,-122.3757461,102.21,7.86,3.05,4.98,1.75,109.47,MANUAL,1,16.68,99.35,1,14,-48.6
2025-12-06T17:52:26.754114,37.6210123,-122.3757521,102.80,7.87,2.94,4.60,1.98,109.77,MANUAL,1,16.69,99.35,1,13,-48.4
2025-12-06T17:52:26.954114,37.6210257,-122.3757583,103.42,7.98,3.02,4.41,1.49,109.98,MANUAL,1,16.69,99.34,1,15,-48.3
2025-12-06T17:52:27.154114,37.6210391,-122.3757645,104.01,7.94,2.98,4.26,1.57,110.29,MANUAL,1,16.68,99.34,1,13,-48.3
2025-12-06T17:52:27.354114,37.6210524,-122.3757708,104.59,7.89,2.88,4.50,1.78,110.54,MANUAL,1,16.69,99.34,1,11,-48.3
2025-12-06T17:52:27.554114,37.6210658,-122.3757772,105.19,7.95,3.07,5.04,2.26,110.81,MANUAL,1,16.67,99.33,1,13,-48.2
2025-12-06T17:52:27.754114,37.6210791,-122.3757837,105.80,7.93,3.01,5.41,1.80,110.98,MANUAL,1,16.68,99.33,1,15,-48.2
2025-12-06T17:52:27.954114,37.6210923,-122.3757901,106.37,7.90,2.91,4.55,1.77,111.23,MANUAL,1,16.68,99.32,1,13,-48.3
2025-12-06T17:52:28.154114,37.6211054,-122.3757967,107.02,7.87,3.07,5.18,1.37,111.51,MANUAL,1,16.70,99.32,1,14,-48.4
2025-12-06T17:52:28.354114,37.6211187,-122.3758033,107.63,7.92,3.00,5.17,1.81,111.71,MANUAL,1,16.68,99.32,1,13,-48.4
2025-12-06T17:52:28.554114,37.6211319,-122.3758100,108.23,7.92,2.99,4.62,2.35,111.90,MANUAL,1,16.66,99.31,1,12,-48.2
2025-12-06T17:52:28.754114,37.6211451,-122.3758168,108.80,7.96,2.90,5.06,1.84,112.10,MANUAL,1,16.67,99.31,1,11,-48.2
2025-12-06T17:52:28.954114,37.6211582,-122.3758236,109.35,7.90,2.70,5.18,1.84,112.30,MANUAL,1,16.68,99.30,1,14,-48.3
2025-12-06T17:52:29.154114,37.6211715,-122.3758305,109.88,7.96,2.70,4.71,1.45,112.48,MANUAL,1,16.68,99.30,1,14,-48.5
2025-12-06T17:52:29.354114,37.6211848,-122.3758376,110.38,8.05,2.58,4.83,1.78,112.74,MANUAL,1,16.68,99.30,1,13,-48.6
2025-12-06T17:52:29.554114,37.6211980,-122.3758447,110.88,8.01,2.39,4.85,2.04,113.01,MANUAL,1,16.68,99.29,1,14,-48.7
2025-12-06T17:52:29.754114,37.6212112,-122.3758518,111.32,7.94,2.27,5.17,1.95,113.22,MANUAL,1,16.69,99.29,1,15,-48.7
2025-12-06T17:52:29.954114,37.6212242,-122.3758590,111.77,7.94,2.21,4.98,1.86,113.41,MANUAL,1,16.68,99.28,1,15,-48.9
2025-12-06T17:52:30.154114,37.6212374,-122.3758662,112.20,8.00,2.00,4.63,1.48,113.62,MANUAL,1,16.68,99.28,1,16,-48.9
2025-12-06T17:52:30.354114,37.6212506,-122.3758736,112.63,8.05,2.03,5.13,1.73,113.86,MANUAL,1,16.70,99.28,1,14,-49.1
2025-12-06T17:52:30.554114,37.6212639,-122.3758811,113.04,8.11,1.89,5.25,1.43,114.13,MANUAL,1,16.68,99.27,1,13,-49.2
2025-12-06T17:52:30.754114,37.6212772,-122.3758887,113.43,8.11,1.77,5.02,1.82,114.31,MANUAL,1,16.67,99.27,1,14,-49.1
2025-12-06T17:52:30.954114,37.6212903,-122.3758963,113.76,8.02,1.67,4.65,2.02,114.64,MANUAL,1,16.68,99.26,1,14,-48.9
2025-12-06T17:52:31.154114,37.6213034,-122.3759039,114.08,8.01,1.54,4.76,1.75,114.91,MANUAL,1,16.67,99.26,1,14,-48.8
2025-12-06T17:52:31.354114,37.6213164,-122.3759117,114.40,7.99,1.55,4.66,1.69,115.20,MANUAL,1,16.68,99.26,1,13,-48.8
2025-12-06T17:52:31.554114,37.6213293,-122.3759195,114.70,7.99,1.44,4.84,1.83,115.46,MANUAL,1,16.68,99.25,1,13,-49.0
2025-12-06T17:52:31.754114,37.6213423,-122.3759273,114.96,8.02,1.31,5.00,1.95,115.71,MANUAL,1,16.66,99.25,1,13,-48.9
2025-12-06T17:52:31.954114,37.6213553,-122.3759354,115.22,8.06,1.33,5.54,1.91,115.99,MANUAL,1,16.68,99.24,1,14,-48.9
2025-12-06T17:52:32.154114,37.6213682,-122.3759434,115.52,8.00,1.30,5.01,1.40,116.27,MANUAL,1,16.67,99.24,1,16,-48.8
2025-12-06T17:52:32.354114,37.6213811,-122.3759515,115.74,8.02,1.08,4.62,1.95,116.49,MANUAL,1,16.65,99.24,1,12,-48.8
2025-12-06T17:52:32.554114,37.6213939,-122.3759597,115.94,7.99,1.07,4.61,1.75,116.80,MANUAL,1,16.68,99.23,1,14,-48.7
2025-12-06T17:52:32.754114,37.6214066,-122.3759679,116.13,7.94,0.97,5.43,2.32,117.01,MANUAL,1,16.68,99.23,1,13,-48.5
2025-12-06T17:52:32.954114,37.6214193,-122.3759762,116.28,7.97,0.87,5.06,1.75,117.31,MANUAL,1,16.68,99.22,1,13,-48.6
2025-12-06T17:52:33.154114,37.6214320,-122.3759845,116.46,7.97,0.91,4.74,1.94,117.56,MANUAL,1,16.69,99.22,1,11,-48.8
2025-12-06T17:52:33.354114,37.6214448,-122.3759930,116.65,8.02,0.86,5.02,2.07,117.68,MANUAL,1,16.67,99.22,1,13,-48.8
2025-12-06T17:52:33.554114,37.6214575,-122.3760015,116.80,8.00,0.76,4.98,2.08,117.90,MANUAL,1,16.68,99.21,1,15,-48.9
2025-12-06T17:52:33.754114,37.6214701,-122.3760100,116.97,7.94,0.82,4.81,2.17,118.21,MANUAL,1,16.65,99.21,1,13,-48.9
2025-12-06T17:52:33.954114,37.6214827,-122.3760186,117.10,8.00,0.74,4.54,1.64,118.45,MANUAL,1,16.67,99.20,1,14,-48.9
2025-12-06T17:52:34.154114,37.6214954,-122.3760274,117.25,8.06,0.77,5.61,2.12,118.75,MANUAL,1,16.67,99.20,1,14,-48.9
2025-12-06T17:52:34.354114,37.6215081,-122.3760363,117.36,8.10,0.68,5.42,1.79,119.00,MANUAL,1,16.67,99.20,1,12,-48.8
2025-12-06T17:52:34.554114,37.6215208,-122.3760453,117.51,8.08,0.68,4.58,1.66,119.21,MANUAL,1,16.65,99.19,1,11,-48.7
2025-12-06T17:52:34.754114,37.6215335,-122.3760543,117.63,8.10,0.61,5.70,1.54,119.41,MANUAL,1,16.65,99.19,1,14,-48.7
2025-12-06T17:52:34.954114,37.6215460,-122.3760633,117.78,8.06,0.64,5.01,1.57,119.67,MANUAL,1,16.65,99.18,1,12,-48.7
2025-12-06T17:52:35.154114,37.6215586,-122.3760724,117.91,8.07,0.61,4.38,2.15,119.89,MANUAL,1,16.66,99.18,1,13,-48.7
2025-12-06T17:52:35.354114,37.6215710,-122.3760816,118.02,8.00,0.57,4.80,2.04,120.17,MANUAL,1,16.67,99.18,1,16,-48.6
2025-12-06T17:52:35.554114,37.6215834,-122.3760908,118.09,8.01,0.37,5.39,1.94,120.47,MANUAL,1,16.67,99.17,1,15,-48.6
2025-12-06T17:52:35.754114,37.6215958,-122.3761001,118.19,8.03,0.50,4.95,2.08,120.78,MANUAL,1,16.65,99.17,1,13,-48.5
2025-12-06T17:52:35.954114,37.6216083,-122.3761095,118.29,8.08,0.44,5.45,1.65,121.03,MANUAL,1,16.67,99.16,1,13,-48.7
2025-12-06T17:52:36.154114,37.6216207,-122.3761191,118.39,8.09,0.42,4.41,1.61,121.26,MANUAL,1,16.66,99.16,0,6,-48.7
2025-12-06T17:52:36.354114,37.6216332,-122.3761287,118.53,8.13,0.44,4.33,1.50,121.41,MANUAL,1,16.65,99.16,1,15,-48.6
2025-12-06T17:52:36.554114,37.6216457,-122.3761384,118.59,8.17,0.44,5.16,1.91,121.66,MANUAL,1,16.66,99.15,1,13,-48.6
2025-12-06T17:52:36.754114,37.6216580,-122.3761482,118.64,8.11,0.24,5.14,1.94,121.97,MANUAL,1,16.65,99.15,1,13,-48.6
2025-12-06T17:52:36.954114,37.6216703,-122.3761579,118.77,8.06,0.37,4.89,1.92,122.30,MANUAL,1,16.67,99.14,1,14,-48.6
2025-12-06T17:52:37.154114,37.6216823,-122.3761676,118.82,7.92,0.19,5.15,1.80,122.50,MANUAL,1,16.67,99.14,0,5,-48.6
2025-12-06T17:52:37.354114,37.6216942,-122.3761773,118.89,7.90,0.40,5.03,1.71,122.71,MANUAL,1,16.66,99.14,1,13,-48.7
2025-12-06T17:52:37.554114,37.6217061,-122.3761870,118.94,7.89,0.28,4.92,2.29,122.98,MANUAL,1,16.66,99.13,1,13,-48.8
2025-12-06T17:52:37.754114,37.6217180,-122.3761969,119.01,7.93,0.33,4.92,2.03,123.28,MANUAL,1,16.65,99.13,1,16,-48.7
2025-12-06T17:52:37.954114,37.6217301,-122.3762070,119.09,8.04,0.20,4.83,1.68,123.58,MANUAL,1,16.66,99.12,1,13,-48.7
2025-12-06T17:52:38.154114,37.6217421,-122.3762171,119.14,8.04,0.25,4.46,1.87,123.77,MANUAL,1,16.67,99.12,1,15,-48.7
2025-12-06T17:52:38.354114,37.6217540,-122.3762273,119.17,8.00,0.17,5.39,2.17,124.10,MANUAL,1,16.66,99.12,1,14,-48.8
2025-12-06T17:52:38.554114,37.6217657,-122.3762374,119.22,7.92,0.18,4.54,1.84,124.35,MANUAL,1,16.65,99.11,1,14,-48.8
2025-12-06T17:52:38.754114,37.6217774,-122.3762476,119.27,7.89,0.21,4.71,1.93,124.61,MANUAL,1,16.66,99.11,1,13,-48.9
2025-12-06T17:52:38.954114,37.6217889,-122.3762578,119.32,7.85,0.15,4.97,1.84,124.93,MANUAL,1,16.64,99.10,1,12,-48.8
2025-12-06T17:52:39.154114,37.6218005,-122.3762681,119.34,7.87,0.15,5.02,2.04,125.20,MANUAL,1,16.64,99.10,1,16,-48.9
2025-12-06T17:52:39.354114,37.6218121,-122.3762785,119.35,7.90,0.11,4.78,1.94,125.51,MANUAL,1,16.65,99.10,1,15,-49.1
2025-12-06T17:52:39.554114,37.6218237,-122.3762891,119.38,8.00,0.10,5.62,2.13,125.75,MANUAL,1,16.66,99.09,1,13,-49.2
2025-12-06T17:52:39.754114,37.6218354,-122.3762998,119.39,8.03,0.07,5.14,1.71,126.00,MANUAL,1,16.64,99.09,1,11,-49.2
2025-12-06T17:52:39.954114,37.6218470,-122.3763106,119.41,8.04,0.13,4.79,1.70,126.30,MANUAL,1,16.66,99.08,1,13,-49.2
2025-12-06T17:52:40.154114,37.6218586,-122.3763214,119.49,8.01,0.23,4.74,2.25,126.60,MANUAL,1,16.65,99.08,1,15,-49.2
2025-12-06T17:52:40.354114,37.6218701,-122.3763323,119.54,8.03,0.14,5.25,1.60,126.88,MANUAL,1,16.64,99.08,1,14,-49.2
2025-12-06T17:52:40.554114,37.6218816,-122.3763433,119.63,8.03,0.30,4.75,1.89,127.18,MANUAL,1,16.67,99.07,1,16,-49.3
2025-12-06T17:52:40.754114,37.6218930,-122.3763544,119.63,7.98,0.13,4.78,2.08,127.47,MANUAL,1,16.64,99.07,1,13,-49.3
2025-12-06T17:52:40.954114,37.6219044,-122.3763655,119.63,8.02,0.13,4.95,2.09,127.70,MANUAL,1,16.64,99.06,1,15,-49.1
2025-12-06T17:52:41.154114,37.6219157,-122.3763766,119.65,7.99,0.17,4.35,1.55,127.96,MANUAL,1,16.65,99.06,1,13,-49.2
2025-12-06T17:52:41.354114,37.6219269,-122.3763878,119.64,7.92,0.04,4.49,1.73,128.27,MANUAL,1,16.64,99.06,1,16,-49.1
2025-12-06T17:52:41.554114,37.6219380,-122.3763989,119.62,7.89,0.03,4.50,2.05,128.52,MANUAL,1,16.64,99.05,1,12,-49.1
2025-12-06T17:52:41.754114,37.6219490,-122.3764101,119.62,7.90,0.10,4.92,1.95,128.77,MANUAL,1,16.65,99.05,1,15,-49.2
2025-12-06T17:52:41.954114,37.6219601,-122.3764215,119.65,7.95,0.05,4.81,1.97,128.99,MANUAL,1,16.66,99.04,1,13,-49.1
2025-12-06T17:52:42.154114,37.6219712,-122.3764329,119.65,7.95,0.09,5.17,2.02,129.19,MANUAL,1,16.64,99.04,1,14,-49.1
2025-12-06T17:52:42.354114,37.6219823,-122.3764444,119.65,7.98,0.04,4.57,1.90,129.49,MANUAL,1,16.64,99.04,1,15,-49.1
2025-12-06T17:52:42.554114,37.6219933,-122.3764559,119.65,7.97,0.13,4.18,2.15,129.76,MANUAL,1,16.64,99.03,1,14,-48.9
2025-12-06T17:52:42.754114,37.6220043,-122.3764676,119.64,8.01,0.08,5.10,1.81,130.02,MANUAL,1,16.64,99.03,1,11,-48.8
2025-12-06T17:52:42.954114,37.6220153,-122.3764794,119.68,8.01,0.07,4.27,1.48,130.33,MANUAL,1,16.65,99.02,1,14,-49.1
2025-12-06T17:52:43.154114,37.6220263,-122.3764913,119.68,8.05,0.08,4.67,2.11,130.57,MANUAL,1,16.64,99.02,1,12,-49.2
2025-12-06T17:52:43.354114,37.6220372,-122.3765032,119.69,8.05,0.01,5.07,1.98,130.88,MANUAL,1,16.64,99.02,1,12,-49.2
2025-12-06T17:52:43.554114,37.6220480,-122.3765151,119.77,7.96,0.13,4.72,1.79,131.12,MANUAL,1,16.62,99.01,1,14,-49.1
2025-12-06T17:52:43.754114,37.6220588,-122.3765271,119.80,8.02,0.13,4.88,2.05,131.38,MANUAL,1,16.63,99.01,1,12,-49.3
2025-12-06T17:52:43.954114,37.6220694,-122.3765391,119.81,7.92,0.12,4.97,1.77,131.71,MANUAL,1,16.62,99.00,0,8,-49.5
2025-12-06T17:52:44.154114,37.6220800,-122.3765511,119.78,7.95,0.03,3.80,1.51,132.01,MANUAL,1,16.63,99.00,1,11,-49.6
2025-12-06T17:52:44.354114,37.6220907,-122.3765633,119.80,7.99,0.04,4.14,2.01,132.27,MANUAL,1,16.63,99.00,1,12,-49.6
2025-12-06T17:52:44.554114,37.6221011,-122.3765755,119.81,7.92,0.10,4.82,1.65,132.63,MANUAL,1,16.62,98.99,1,15,-49.4
2025-12-06T17:52:44.754114,37.6221115,-122.3765877,119.82,7.88,0.06,4.77,1.48,132.88,MANUAL,1,16.63,98.99,1,13,-49.4
2025-12-06T17:52:44.954114,37.6221217,-122.3765998,119.82,7.81,0.05,4.69,1.91,133.14,MANUAL,1,16.62,98.98,1,12,-49.4
2025-12-06T17:52:45.154114,37.6221320,-122.3766120,119.77,7.86,-0.07,4.64,2.19,133.51,MANUAL,1,16.63,98.98,1,13,-49.4
2025-12-06T17:52:45.354114,37.6221422,-122.3766245,119.75,7.90,-0.02,4.76,1.67,133.86,MANUAL,1,16.63,98.98,1,14,-49.4
2025-12-06T17:52:45.554114,37.6221524,-122.3766369,119.78,7.85,0.16,4.87,1.63,134.10,MANUAL,1,16.63,98.97,1,14,-49.4
2025-12-06T17:52:45.754114,37.6221624,-122.3766494,119.84,7.87,0.17,4.50,1.99,134.44,MANUAL,1,16.63,98.97,1,17,-49.3
2025-12-06T17:52:45.954114,37.6221725,-122.3766620,119.84,7.90,-0.05,4.51,1.82,134.70,MANUAL,1,16.63,98.96,1,14,-49.3
2025-12-06T17:52:46.154114,37.6221827,-122.3766748,119.83,8.00,0.08,4.70,2.11,134.99,MANUAL,1,16.62,98.96,1,16,-49.1
2025-12-06T17:52:46.354114,37.6221929,-122.3766877,119.83,8.03,0.02,4.48,1.86,135.28,MANUAL,1,16.62,98.96,1,12,-49.1
2025-12-06T17:52:46.554114,37.6222028,-122.3767006,119.81,7.95,0.02,4.33,2.16,135.66,MANUAL,1,16.64,98.95,1,13,-49.0
2025-12-06T17:52:46.754114,37.6222128,-122.3767136,119.83,7.97,-0.00,4.30,2.32,135.98,MANUAL,1,16.63,98.95,1,13,-48.9
2025-12-06T17:52:46.954114,37.6222226,-122.3767267,119.80,7.94,0.10,4.24,1.84,136.33,MANUAL,1,16.62,98.94,1,13,-49.0
2025-12-06T17:52:47.154114,37.6222325,-122.3767398,119.80,7.98,0.07,4.47,2.26,136.59,MANUAL,1,16.61,98.94,1,13,-49.0
2025-12-06T17:52:47.354114,37.6222423,-122.3767530,119.80,7.96,0.05,4.67,1.99,136.84,MANUAL,1,16.63,98.94,1,14,-49.0
2025-12-06T17:52:47.554114,37.6222519,-122.3767661,119.79,7.87,0.05,3.73,2.00,137.20,MANUAL,1,16.62,98.93,1,14,-49.1
2025-12-06T17:52:47.754114,37.6222614,-122.3767793,119.79,7.88,0.05,4.62,2.07,137.46,MANUAL,1,16.61,98.93,1,13,-49.2
2025-12-06T17:52:47.954114,37.6222711,-122.3767926,119.82,7.98,0.10,4.51,2.25,137.75,MANUAL,1,16.61,98.92,1,15,-49.2
2025-12-06T17:52:48.154114,37.6222806,-122.3768060,119.83,7.94,0.05,4.42,2.24,138.07,MANUAL,1,16.61,98.92,1,12,-49.2
2025-12-06T17:52:48.354114,37.6222901,-122.3768195,119.83,7.94,0.08,4.54,2.09,138.36,MANUAL,1,16.60,98.92,1,14,-49.2
2025-12-06T17:52:48.554114,37.6222994,-122.3768329,119.85,7.85,0.08,3.97,1.99,138.62,MANUAL,1,16.64,98.91,1,13,-49.2
2025-12-06T17:52:48.754114,37.6223086,-122.3768463,119.84,7.82,-0.03,4.02,1.95,139.01,MANUAL,1,16.61,98.91,1,15,-49.1
2025-12-06T17:52:48.954114,37.6223178,-122.3768598,119.87,7.87,0.05,4.25,1.79,139.39,MANUAL,1,16.61,98.90,1,13,-49.0
2025-12-06T17:52:49.154114,37.6223270,-122.3768734,119.90,7.86,0.05,4.75,1.95,139.70,MANUAL,1,16.62,98.90,1,16,-49.0
2025-12-06T17:52:49.354114,37.6223361,-122.3768872,119.89,7.92,0.03,3.68,2.21,139.98,MANUAL,1,16.61,98.90,1,13,-49.0
2025-12-06T17:52:49.554114,37.6223453,-122.3769011,119.91,7.95,-0.01,3.70,1.94,140.36,MANUAL,1,16.62,98.89,1,13,-49.0
2025-12-06T17:52:49.754114,37.6223542,-122.3769149,119.90,7.90,-0.10,3.93,2.21,140.65,MANUAL,1,16.61,98.89,1,13,-49.1
2025-12-06T17:52:49.954114,37.6223632,-122.3769288,119.85,7.89,-0.05,4.44,1.92,140.96,MANUAL,1,16.61,98.88,1,11,-49.2
2025-12-06T17:52:50.154114,37.6223721,-122.3769428,119.84,7.91,0.00,4.18,2.18,141.28,MANUAL,1,16.63,98.88,1,14,-49.1
2025-12-06T17:52:50.354114,37.6223810,-122.3769570,119.86,8.00,0.04,4.21,1.97,141.52,MANUAL,1,16.60,98.88,1,14,-49.1
2025-12-06T17:52:50.554114,37.6223898,-122.3769712,119.84,7.95,0.02,4.39,1.89,141.89,MANUAL,1,16.61,98.87,1,15,-49.2
2025-12-06T17:52:50.754114,37.6223986,-122.3769855,119.85,7.98,0.05,3.34,2.33,142.15,MANUAL,1,16.60,98.87,1,12,-49.1
2025-12-06T17:52:50.954114,37.6224074,-122.3769999,119.83,7.99,-0.04,3.95,1.70,142.51,MANUAL,1,16.61,98.86,1,15,-49.1
2025-12-06T17:52:51.154114,37.6224159,-122.3770141,119.84,7.85,-0.06,3.85,2.16,142.88,MANUAL,1,16.62,98.86,1,14,-49.2
2025-12-06T17:52:51.354114,37.6224244,-122.3770286,119.87,7.97,0.10,4.22,2.22,143.20,MANUAL,1,16.62,98.86,1,13,-49.2
2025-12-06T17:52:51.554114,37.6224330,-122.3770432,119.88,8.04,0.04,3.71,1.95,143.55,MANUAL,1,16.61,98.85,1,14,-49.2
2025-12-06T17:52:51.754114,37.6224415,-122.3770579,119.88,8.02,0.05,3.73,1.97,143.88,MANUAL,1,16.61,98.85,1,13,-49.1
2025-12-06T17:52:51.954114,37.6224500,-122.3770728,119.91,8.07,-0.03,4.25,1.59,144.20,MANUAL,1,16.61,98.84,1,14,-49.0
2025-12-06T17:52:52.154114,37.6224584,-122.3770877,119.88,8.07,0.02,4.23,1.83,144.54,MANUAL,1,16.59,98.84,1,13,-49.0
2025-12-06T17:52:52.354114,37.6224667,-122.3771026,119.91,8.03,0.04,3.31,1.90,144.74,MANUAL,1,16.60,98.84,1,13,-48.8
2025-12-06T17:52:52.554114,37.6224750,-122.3771174,119.87,7.99,0.01,3.77,1.89,145.04,MANUAL,1,16.60,98.83,1,14,-48.8
2025-12-06T17:52:52.754114,37.6224832,-122.3771324,119.87,8.04,0.03,3.51,1.87,145.33,MANUAL,1,16.61,98.83,1,13,-48.8
2025-12-06T17:52:52.954114,37.6224914,-122.3771475,119.85,8.08,0.02,3.60,2.08,145.67,MANUAL,1,16.59,98.82,1,14,-48.9
2025-12-06T17:52:53.154114,37.6224994,-122.3771626,119.87,8.01,0.04,4.04,1.94,146.00,MANUAL,1,16.61,98.82,1,15,-49.0
2025-12-06T17:52:53.354114,37.6225074,-122.3771778,119.90,8.05,0.08,3.57,1.96,146.24,MANUAL,1,16.60,98.82,1,13,-49.1
2025-12-06T17:52:53.554114,37.6225155,-122.3771931,119.89,8.11,-0.02,3.42,1.95,146.53,MANUAL,1,16.58,98.81,1,15,-49.0
2025-12-06T17:52:53.754114,37.6225234,-122.3772085,119.85,8.09,-0.04,3.33,2.32,146.79,MANUAL,1,16.60,98.81,1,15,-49.0
2025-12-06T17:52:53.954114,37.6225313,-122.3772239,119.88,8.09,-0.01,3.33,2.14,147.16,MANUAL,1,16.61,98.80,1,14,-49.2
2025-12-06T17:52:54.154114,37.6225391,-122.3772393,119.91,8.05,-0.00,3.05,1.72,147.41,MANUAL,1,16.61,98.80,1,13,-49.3
2025-12-06T17:52:54.354114,37.6225476,-122.3772562,119.92,8.84,0.06,3.24,2.04,147.71,AUTO,1,16.60,98.80,1,12,-49.4
2025-12-06T17:52:54.554114,37.6225567,-122.3772745,119.88,9.51,-0.01,3.75,2.20,148.00,AUTO,1,16.60,98.79,1,14,-49.4
2025-12-06T17:52:54.754114,37.6225663,-122.3772942,119.86,10.22,0.03,3.08,2.17,148.25,AUTO,1,16.58,98.79,1,15,-49.3
2025-12-06T17:52:54.954114,37.6225765,-122.3773151,119.86,10.82,0.10,3.49,1.72,148.44,AUTO,1,16.61,98.78,1,12,-49.4
2025-12-06T17:52:55.154114,37.6225870,-122.3773370,119.83,11.28,0.02,3.68,2.17,148.64,AUTO,1,16.60,98.78,1,13,-49.4
2025-12-06T17:52:55.354114,37.6225979,-122.3773598,119.86,11.74,0.21,2.97,1.94,148.92,AUTO,1,16.61,98.78,1,13,-49.6
2025-12-06T17:52:55.554114,37.6226090,-122.3773834,119.88,12.11,0.05,3.54,2.08,149.29,AUTO,1,16.58,98.77,1,14,-49.5
2025-12-06T17:52:55.754114,37.6226204,-122.3774078,119.91,12.46,0.05,3.21,1.85,149.62,AUTO,1,16.57,98.77,1,14,-49.7
2025-12-06T17:52:55.954114,37.6226319,-122.3774329,119.91,12.77,0.07,3.24,1.83,149.87,AUTO,1,16.58,98.76,1,13,-49.6
2025-12-06T17:52:56.154114,37.6226435,-122.3774586,119.95,13.09,0.04,3.31,1.78,150.22,AUTO,1,16.58,98.76,1,15,-49.6
2025-12-06T17:52:56.354114,37.6226553,-122.3774849,119.95,13.29,-0.01,2.97,2.03,150.50,AUTO,1,16.61,98.76,1,13,-49.7
2025-12-06T17:52:56.554114,37.6226672,-122.3775116,119.94,13.52,-0.02,3.51,1.88,150.78,AUTO,1,16.60,98.75,1,15,-49.8
2025-12-06T17:52:56.754114,37.6226790,-122.3775387,119.90,13.66,-0.06,3.59,1.72,151.05,AUTO,1,16.58,98.75,1,12,-49.9
2025-12-06T17:52:56.954114,37.6226909,-122.3775662,119.94,13.82,0.02,3.09,1.91,151.35,AUTO,1,16.61,98.74,1,15,-49.6
2025-12-06T17:52:57.154114,37.6227029,-122.3775942,119.96,14.01,0.09,2.89,1.90,151.65,AUTO,1,16.58,98.74,1,13,-49.7
2025-12-06T17:52:57.354114,37.6227149,-122.3776225,119.97,14.15,0.01,2.88,2.25,151.91,AUTO,1,16.59,98.74,1,12,-49.8
2025-12-06T17:52:57.554114,37.6227268,-122.3776511,119.95,14.26,0.05,3.30,1.96,152.13,AUTO,1,16.58,98.73,1,14,-49.7
2025-12-06T17:52:57.754114,37.6227387,-122.3776798,119.96,14.25,-0.01,2.43,1.91,152.43,AUTO,1,16.60,98.73,1,12,-49.6
2025-12-06T17:52:57.954114,37.6227505,-122.3777086,119.93,14.29,-0.03,2.74,2.10,152.72,AUTO,1,16.58,98.72,1,15,-49.6
2025-12-06T17:52:58.154114,37.6227622,-122.3777376,119.92,14.38,-0.03,3.28,1.75,152.91,AUTO,1,16.58,98.72,1,13,-49.5
2025-12-06T17:52:58.354114,37.6227739,-122.3777668,119.90,14.43,0.00,3.19,1.98,153.22,AUTO,1,16.60,98.72,1,15,-49.5
2025-12-06T17:52:58.554114,37.6227855,-122.3777961,119.89,14.43,0.03,3.14,2.19,153.53,AUTO,1,16.58,98.71,1,13,-49.4
2025-12-06T17:52:58.754114,37.6227969,-122.3778257,119.87,14.49,0.05,2.76,1.86,153.89,AUTO,1,16.59,98.71,1,13,-49.4
2025-12-06T17:52:58.954114,37.6228083,-122.3778553,119.89,14.53,0.07,3.14,1.95,154.19,AUTO,1,16.59,98.70,1,16,-49.4
2025-12-06T17:52:59.154114,37.6228196,-122.3778852,119.91,14.60,0.06,2.78,1.96,154.52,AUTO,1,16.56,98.70,1,15,-49.5
2025-12-06T17:52:59.354114,37.6228308,-122.3779153,119.91,14.67,-0.06,3.08,1.68,154.80,AUTO,1,16.56,98.70,1,12,-49.4
2025-12-06T17:52:59.554114,37.6228419,-122.3779454,119.92,14.64,-0.04,3.13,2.35,155.10,AUTO,1,16.57,98.69,1,13,-49.3
2025-12-06T17:52:59.754114,37.6228528,-122.3779756,119.94,14.62,-0.06,2.88,1.74,155.36,AUTO,1,16.57,98.69,1,13,-49.3
2025-12-06T17:52:59.954114,37.6228637,-122.3780059,119.92,14.65,-0.04,2.50,1.86,155.65,AUTO,1,16.58,98.68,1,13,-49.3
2025-12-06T17:53:00.154114,37.6228745,-122.3780363,119.95,14.69,0.07,1.97,2.45,155.85,AUTO,1,16.58,98.68,1,15,-49.1
2025-12-06T17:53:00.354114,37.6228851,-122.3780668,120.01,14.70,0.13,2.48,2.03,156.15,AUTO,1,16.59,98.68,1,16,-49.3
2025-12-06T17:53:00.554114,37.6228957,-122.3780974,120.03,14.75,0.01,2.59,1.85,156.46,AUTO,1,16.57,98.67,1,14,-49.3
2025-12-06T17:53:00.754114,37.6229061,-122.3781281,120.04,14.71,0.04,2.47,2.38,156.85,AUTO,1,16.58,98.67,1,14,-49.3
2025-12-06T17:53:00.954114,37.6229164,-122.3781590,120.04,14.77,0.05,2.88,1.74,157.15,AUTO,1,16.56,98.66,1,14,-49.3
2025-12-06T17:53:01.154114,37.6229266,-122.3781900,120.02,14.81,-0.07,2.57,1.87,157.45,AUTO,1,16.58,98.66,1,11,-49.1
2025-12-06T17:53:01.354114,37.6229367,-122.3782213,120.02,14.89,0.03,2.27,1.96,157.78,AUTO,1,16.56,98.66,1,13,-49.0
2025-12-06T17:53:01.554114,37.6229468,-122.3782527,120.03,14.91,-0.04,2.46,2.22,158.04,AUTO,1,16.57,98.65,1,13,-49.1
2025-12-06T17:53:01.754114,37.6229567,-122.3782841,120.04,14.91,-0.05,2.12,1.98,158.30,AUTO,1,16.56,98.65,1,15,-49.1
2025-12-06T17:53:01.954114,37.6229665,-122.3783155,120.05,14.90,-0.02,2.31,1.68,158.51,AUTO,1,16.57,98.64,1,13,-49.2
2025-12-06T17:53:02.154114,37.6229761,-122.3783469,120.05,14.85,-0.09,2.69,1.80,158.79,AUTO,1,16.57,98.64,1,14,-49.2
2025-12-06T17:53:02.354114,37.6229857,-122.3783784,120.03,14.84,-0.07,1.97,2.03,158.99,AUTO,1,16.58,98.64,1,13,-49.2
2025-12-06T17:53:02.554114,37.6229951,-122.3784099,120.02,14.86,0.05,1.81,1.62,159.28,AUTO,1,16.56,98.63,1,12,-49.0
2025-12-06T17:53:02.754114,37.6230045,-122.3784415,120.02,14.86,0.02,2.06,2.14,159.51,AUTO,1,16.57,98.63,1,13,-48.9
2025-12-06T17:53:02.954114,37.6230137,-122.3784732,120.01,14.88,0.01,1.90,2.01,159.83,AUTO,1,16.57,98.62,1,15,-48.8
2025-12-06T17:53:03.154114,37.6230228,-122.3785050,119.99,14.93,-0.02,2.60,1.74,160.14,AUTO,1,16.56,98.62,1,12,-48.9
2025-12-06T17:53:03.354114,37.6230317,-122.3785368,119.99,14.88,-0.02,2.48,1.90,160.45,AUTO,1,16.57,98.62,1,15,-49.0
2025-12-06T17:53:03.554114,37.6230406,-122.3785688,120.00,14.96,0.07,2.06,1.93,160.74,AUTO,1,16.56,98.61,1,14,-49.0
2025-12-06T17:53:03.754114,37.6230493,-122.3786009,120.02,14.92,-0.09,2.18,1.79,161.09,AUTO,1,16.55,98.61,1,15,-49.0
2025-12-06T17:53:03.954114,37.6230579,-122.3786331,120.05,15.00,0.06,1.94,1.76,161.31,AUTO,1,16.58,98.60,1,13,-49.1
2025-12-06T17:53:04.154114,37.6230664,-122.3786651,120.03,14.89,-0.01,1.50,2.28,161.57,AUTO,1,16.56,98.60,1,13,-49.2
2025-12-06T17:53:04.354114,37.6230747,-122.3786972,120.04,14.88,0.01,2.16,1.82,161.87,AUTO,1,16.55,98.60,1,13,-49.2
2025-12-06T17:53:04.554114,37.6230829,-122.3787294,120.03,14.92,0.03,1.68,1.76,162.14,AUTO,1,16.57,98.59,1,12,-49.2
2025-12-06T17:53:04.754114,37.6230910,-122.3787616,120.04,14.88,0.05,1.64,2.08,162.44,AUTO,1,16.57,98.59,1,12,-49.0
2025-12-06T17:53:04.954114,37.6230989,-122.3787940,120.02,14.95,0.04,2.43,1.78,162.76,AUTO,1,16.55,98.58,1,12,-48.9
2025-12-06T17:53:05.154114,37.6231068,-122.3788266,120.05,15.05,0.01,2.13,1.85,163.05,AUTO,1,16.58,98.58,1,14,-49.0
2025-12-06T17:53:05.354114,37.6231146,-122.3788595,120.05,15.12,0.07,1.67,1.68,163.31,AUTO,1,16.55,98.58,1,14,-48.9
2025-12-06T17:53:05.554114,37.6231223,-122.3788923,120.02,15.10,-0.11,0.92,1.96,163.62,AUTO,1,16.56,98.57,1,15,-49.0
2025-12-06T17:53:05.754114,37.6231298,-122.3789251,120.03,15.02,0.05,1.65,1.72,163.89,AUTO,1,16.56,98.57,1,13,-49.0
2025-12-06T17:53:05.954114,37.6231372,-122.3789580,120.03,15.10,0.03,1.46,1.67,164.15,AUTO,1,16.55,98.56,1,15,-49.1
2025-12-06T17:53:06.154114,37.6231444,-122.3789909,120.02,15.05,-0.01,2.12,2.03,164.45,AUTO,1,16.55,98.56,1,13,-49.1
2025-12-06T17:53:06.354114,37.6231517,-122.3790240,119.98,15.13,-0.06,1.41,1.95,164.60,AUTO,1,16.56,98.56,1,13,-49.2
2025-12-06T17:53:06.554114,37.6231587,-122.3790572,119.98,15.13,-0.02,1.83,1.67,164.88,AUTO,1,16.57,98.55,1,12,-49.1
2025-12-06T17:53:06.754114,37.6231657,-122.3790903,119.97,15.11,0.06,1.66,1.69,165.13,AUTO,1,16.55,98.55,1,12,-49.0
2025-12-06T17:53:06.954114,37.6231725,-122.3791235,119.95,15.12,-0.03,1.69,1.66,165.43,AUTO,1,16.57,98.54,1,14,-49.0
2025-12-06T17:53:07.154114,37.6231793,-122.3791568,120.01,15.14,0.03,1.48,1.63,165.74,AUTO,1,16.54,98.54,1,14,-48.9
2025-12-06T17:53:07.354114,37.6231858,-122.3791900,120.00,15.10,0.00,1.02,1.83,165.94,AUTO,1,16.55,98.54,1,13,-48.9
2025-12-06T17:53:07.554114,37.6231923,-122.3792231,119.96,15.03,-0.03,1.42,2.10,166.19,AUTO,1,16.56,98.53,1,15,-48.9
2025-12-06T17:53:07.754114,37.6231985,-122.3792562,119.94,14.96,0.03,0.74,2.16,166.59,AUTO,1,16.55,98.53,1,13,-49.0
2025-12-06T17:53:07.954114,37.6232046,-122.3792891,119.92,14.89,-0.04,1.01,1.86,166.90,AUTO,1,16.55,98.52,1,15,-49.0
2025-12-06T17:53:08.154114,37.6232105,-122.3793220,119.93,14.89,-0.04,1.74,2.09,167.16,AUTO,1,16.55,98.52,1,14,-48.9
2025-12-06T17:53:08.354114,37.6232164,-122.3793550,119.89,14.90,0.00,0.80,1.96,167.43,AUTO,1,16.56,98.52,1,15,-48.9
2025-12-06T17:53:08.554114,37.6232221,-122.3793880,119.88,14.88,-0.09,1.36,1.73,167.70,AUTO,1,16.55,98.51,1,14,-48.9
2025-12-06T17:53:08.754114,37.6232277,-122.3794212,119.96,14.98,0.10,0.97,2.33,167.93,AUTO,1,16.55,98.51,1,12,-49.0
2025-12-06T17:53:08.954114,37.6232332,-122.3794544,119.96,14.96,-0.11,1.19,2.08,168.22,AUTO,1,16.55,98.50,1,15,-49.0
2025-12-06T17:53:09.154114,37.6232385,-122.3794877,119.99,14.97,-0.01,0.88,1.99,168.48,AUTO,1,16.55,98.50,1,13,-49.1
2025-12-06T17:53:09.354114,37.6232438,-122.3795209,120.00,14.96,0.01,0.72,2.13,168.78,AUTO,1,16.55,98.50,1,13,-49.2
2025-12-06T17:53:09.554114,37.6232489,-122.3795544,119.98,15.00,0.02,1.42,1.98,169.11,AUTO,1,16.53,98.49,1,13,-49.2
2025-12-06T17:53:09.754114,37.6232538,-122.3795879,120.02,15.04,0.05,1.28,1.50,169.38,AUTO,1,16.54,98.49,1,14,-49.4
2025-12-06T17:53:09.954114,37.6232587,-122.3796214,120.01,15.03,0.07,0.58,2.21,169.63,AUTO,1,16.54,98.48,1,13,-49.4
2025-12-06T17:53:10.154114,37.6232635,-122.3796551,120.00,15.07,-0.04,0.89,1.96,169.91,AUTO,1,16.54,98.48,1,11,-49.4
2025-12-06T17:53:10.354114,37.6232680,-122.3796886,120.05,14.97,-0.01,0.35,1.63,170.22,AUTO,1,16.54,98.48,1,14,-49.4
2025-12-06T17:53:10.554114,37.6232724,-122.3797220,120.04,14.93,0.01,0.93,1.63,170.53,AUTO,1,16.56,98.47,1,14,-49.5
2025-12-06T17:53:10.754114,37.6232767,-122.3797553,120.03,14.88,-0.01,0.43,2.08,170.82,AUTO,1,16.55,98.47,1,13,-49.3
2025-12-06T17:53:10.954114,37.6232808,-122.3797887,120.04,14.89,-0.01,0.26,1.90,171.15,AUTO,1,16.53,98.46,1,14,-49.6
2025-12-06T17:53:11.154114,37.6232848,-122.3798222,120.02,14.94,-0.00,0.74,2.07,171.47,AUTO,1,16.53,98.46,1,15,-49.5
2025-12-06T17:53:11.354114,37.6232887,-122.3798558,120.03,14.99,-0.05,0.50,1.90,171.75,AUTO,1,16.55,98.46,1,15,-49.7
2025-12-06T17:53:11.554114,37.6232924,-122.3798895,120.05,14.96,0.01,1.05,1.53,172.09,AUTO,1,16.54,98.45,1,14,-49.5
2025-12-06T17:53:11.754114,37.6232960,-122.3799230,120.04,14.93,-0.07,0.25,1.34,172.30,AUTO,1,16.54,98.45,1,13,-49.4
2025-12-06T17:53:11.954114,37.6232994,-122.3799567,120.04,14.98,0.04,0.38,1.69,172.61,AUTO,1,16.52,98.44,1,14,-49.4
2025-12-06T17:53:12.154114,37.6233028,-122.3799903,120.08,14.93,0.07,0.78,1.73,172.78,AUTO,1,16.54,98.44,1,15,-49.5
2025-12-06T17:53:12.354114,37.6233061,-122.3800240,120.08,14.96,0.04,0.41,1.91,172.99,AUTO,1,16.53,98.44,1,13,-49.4
2025-12-06T17:53:12.554114,37.6233092,-122.3800578,120.09,14.99,-0.04,0.05,1.88,173.24,AUTO,1,16.54,98.43,1,12,-49.4
2025-12-06T17:53:12.754114,37.6233123,-122.3800915,120.10,14.97,-0.02,0.40,1.49,173.47,AUTO,1,16.52,98.43,1,13,-49.3
2025-12-06T17:53:12.954114,37.6233152,-122.3801251,120.10,14.90,-0.05,0.46,1.66,173.75,AUTO,1,16.55,98.42,1,14,-49.5
2025-12-06T17:53:13.154114,37.6233181,-122.3801589,120.12,15.00,0.00,-0.04,1.72,173.95,AUTO,1,16.54,98.42,1,12,-49.4
2025-12-06T17:53:13.354114,37.6233208,-122.3801927,120.14,14.99,-0.01,0.22,1.67,174.18,AUTO,1,16.53,98.42,1,14,-49.5
2025-12-06T17:53:13.554114,37.6233234,-122.3802266,120.13,14.99,-0.07,-0.09,1.97,174.36,AUTO,1,16.53,98.41,1,14,-49.6
2025-12-06T17:53:13.754114,37.6233259,-122.3802606,120.12,15.05,-0.09,0.63,1.59,174.70,AUTO,1,16.52,98.41,1,12,-49.5
2025-12-06T17:53:13.954114,37.6233283,-122.3802947,120.10,15.09,-0.09,-0.29,1.43,174.90,AUTO,1,16.53,98.40,1,13,-49.5
2025-12-06T17:53:14.154114,37.6233306,-122.3803288,120.09,15.10,-0.11,-0.37,1.83,175.13,AUTO,1,16.53,98.40,1,13,-49.3
2025-12-06T17:53:14.354114,37.6233328,-122.3803630,120.13,15.12,0.02,0.36,1.68,175.40,AUTO,1,16.52,98.40,1,13,-49.3
2025-12-06T17:53:14.554114,37.6233349,-122.3803971,120.11,15.08,0.01,0.18,1.85,175.67,AUTO,1,16.53,98.39,1,14,-49.2
2025-12-06T17:53:14.754114,37.6233368,-122.3804313,120.08,15.11,0.02,0.01,1.91,175.91,AUTO,1,16.54,98.39,1,14,-49.1
2025-12-06T17:53:14.954114,37.6233386,-122.3804656,120.05,15.17,-0.00,-0.79,1.58,176.18,AUTO,1,16.52,98.38,1,14,-49.0
2025-12-06T17:53:15.154114,37.6233403,-122.3805001,120.05,15.21,-0.01,-0.09,1.76,176.40,AUTO,1,16.53,98.38,1,10,-49.1
2025-12-06T17:53:15.354114,37.6233419,-122.3805344,120.03,15.18,-0.08,0.02,1.86,176.74,AUTO,1,16.53,98.38,1,14,-49.0
2025-12-06T17:53:15.554114,37.6233433,-122.3805687,120.05,15.14,-0.02,-0.29,1.45,176.94,AUTO,1,16.53,98.37,1,15,-49.0
2025-12-06T17:53:15.754114,37.6233447,-122.3806031,120.09,15.16,-0.00,-0.30,1.57,177.20,AUTO,1,16.54,98.37,1,11,-49.0
2025-12-06T17:53:15.954114,37.6233459,-122.3806373,120.07,15.12,-0.09,-0.75,1.56,177.47,AUTO,1,16.52,98.36,1,15,-48.8
2025-12-06T17:53:16.154114,37.6233470,-122.3806716,120.03,15.12,-0.09,-0.28,1.46,177.70,AUTO,1,16.52,98.36,1,14,-49.0
2025-12-06T17:53:16.354114,37.6233479,-122.3807059,119.99,15.15,-0.11,-0.07,1.70,177.92,AUTO,1,16.52,98.36,1,13,-48.9
2025-12-06T17:53:16.554114,37.6233488,-122.3807402,120.01,15.12,0.06,-0.35,1.74,178.14,AUTO,1,16.53,98.35,1,14,-48.9
2025-12-06T17:53:16.754114,37.6233496,-122.3807744,120.01,15.11,-0.05,-0.48,1.13,178.42,AUTO,1,16.54,98.35,1,13,-49.0
2025-12-06T17:53:16.954114,37.6233502,-122.3808086,119.99,15.08,0.05,-0.30,2.08,178.65,AUTO,1,16.51,98.34,1,10,-49.0
2025-12-06T17:53:17.154114,37.6233508,-122.3808428,120.00,15.07,-0.01,-0.25,1.61,178.87,AUTO,1,16.51,98.34,1,13,-49.0
2025-12-06T17:53:17.354114,37.6233512,-122.3808769,119.97,15.04,-0.09,-1.17,2.18,179.08,AUTO,1,16.52,98.34,1,14,-48.8
2025-12-06T17:53:17.554114,37.6233515,-122.3809111,119.95,15.06,-0.03,-0.35,1.87,179.30,AUTO,1,16.52,98.33,1,13,-48.7
2025-12-06T17:53:17.754114,37.6233518,-122.3809453,119.95,15.09,0.04,-0.10,1.69,179.40,AUTO,1,16.52,98.33,1,12,-48.7
2025-12-06T17:53:17.954114,37.6233520,-122.3809795,119.93,15.06,-0.07,-0.47,1.74,179.63,AUTO,1,16.51,98.32,1,15,-48.7
2025-12-06T17:53:18.154114,37.6233521,-122.3810139,119.93,15.16,0.01,-0.55,1.60,179.81,AUTO,1,16.52,98.32,1,14,-48.8
2025-12-06T17:53:18.354114,37.6233521,-122.3810480,119.95,15.07,0.08,-1.17,1.61,180.02,AUTO,1,16.52,98.32,1,11,-48.9
2025-12-06T17:53:18.554114,37.6233520,-122.3810822,119.97,15.05,0.04,-1.03,1.74,180.21,AUTO,1,16.52,98.31,1,14,-48.8
2025-12-06T17:53:18.754114,37.6233517,-122.3811162,119.96,14.98,-0.06,-0.49,1.59,180.51,AUTO,1,16.52,98.31,1,11,-48.7
2025-12-06T17:53:18.954114,37.6233513,-122.3811502,119.94,15.00,0.09,-0.34,1.77,180.78,AUTO,1,16.50,98.30,1,13,-48.8
2025-12-06T17:53:19.154114,37.6233509,-122.3811842,119.97,15.01,0.09,-1.09,1.53,181.03,AUTO,1,16.52,98.30,1,16,-48.8
2025-12-06T17:53:19.354114,37.6233503,-122.3812184,119.98,15.07,0.00,-1.67,1.86,181.29,AUTO,1,16.51,98.30,1,15,-48.9
2025-12-06T17:53:19.554114,37.6233495,-122.3812525,119.96,15.03,0.05,-1.07,1.59,181.54,AUTO,1,16.52,98.29,1,13,-48.8
2025-12-06T17:53:19.754114,37.6233487,-122.3812866,119.93,15.04,0.01,-1.58,1.67,181.77,AUTO,1,16.51,98.29,1,13,-48.8
2025-12-06T17:53:19.954114,37.6233477,-122.3813206,119.88,14.99,-0.05,-1.44,1.47,182.06,AUTO,1,16.53,98.28,1,12,-48.8
2025-12-06T17:53:20.154114,37.6233467,-122.3813546,119.88,15.02,0.05,-1.03,1.74,182.28,AUTO,1,16.51,98.28,1,17,-48.9
2025-12-06T17:53:20.354114,37.6233455,-122.3813887,119.87,15.04,-0.05,-0.82,1.55,182.44,AUTO,1,16.51,98.28,1,14,-48.7
2025-12-06T17:53:20.554114,37.6233442,-122.3814229,119.91,15.09,0.04,-0.80,1.42,182.68,AUTO,1,16.52,98.27,1,12,-48.6
2025-12-06T17:53:20.754114,37.6233428,-122.3814571,119.96,15.09,0.07,-1.40,1.73,182.97,AUTO,1,16.49,98.27,1,12,-48.8
2025-12-06T17:53:20.954114,37.6233413,-122.3814912,119.95,15.06,-0.11,-1.17,1.50,183.17,AUTO,1,16.52,98.26,1,14,-48.8
2025-12-06T17:53:21.154114,37.6233397,-122.3815255,119.94,15.12,-0.04,-1.07,1.49,183.38,AUTO,1,16.52,98.26,1,12,-48.8
2025-12-06T17:53:21.354114,37.6233380,-122.3815596,119.88,15.09,-0.09,-0.96,1.51,183.60,AUTO,1,16.50,98.26,1,14,-48.9
2025-12-06T17:53:21.554114,37.6233362,-122.3815937,119.92,15.08,0.04,-1.44,1.82,183.80,AUTO,1,16.51,98.25,1,13,-48.9
2025-12-06T17:53:21.754114,37.6233344,-122.3816278,119.92,15.06,-0.05,-1.48,1.54,183.95,AUTO,1,16.51,98.25,1,16,-48.8
2025-12-06T17:53:21.954114,37.6233324,-122.3816619,119.93,15.07,-0.04,-1.65,1.72,184.09,AUTO,1,16.51,98.24,1,12,-48.8
2025-12-06T17:53:22.154114,37.6233304,-122.3816960,119.95,15.07,0.02,-1.56,1.50,184.42,AUTO,1,16.50,98.24,1,13,-48.8
2025-12-06T17:53:22.354114,37.6233282,-122.3817300,119.97,15.04,0.12,-1.84,1.48,184.62,AUTO,1,16.52,98.24,1,14,-48.8
2025-12-06T17:53:22.554114,37.6233259,-122.3817639,119.97,15.00,0.01,-1.26,1.83,184.81,AUTO,1,16.50,98.23,1,16,-48.7
2025-12-06T17:53:22.754114,37.6233236,-122.3817979,119.99,15.02,0.04,-1.51,1.72,184.96,AUTO,1,16.50,98.23,1,14,-48.7
2025-12-06T17:53:22.954114,37.6233212,-122.3818318,119.98,15.03,0.01,-1.80,1.39,185.17,AUTO,1,16.49,98.22,1,15,-48.8
2025-12-06T17:53:23.154114,37.6233186,-122.3818658,120.01,15.04,0.00,-1.43,1.61,185.44,AUTO,1,16.52,98.22,1,11,-48.7
2025-12-06T17:53:23.354114,37.6233159,-122.3818998,120.01,15.07,0.02,-1.74,1.62,185.64,AUTO,1,16.48,98.22,1,13,-48.8
2025-12-06T17:53:23.554114,37.6233132,-122.3819337,120.03,15.02,0.04,-1.99,1.22,185.91,AUTO,1,16.49,98.21,1,14,-48.8
2025-12-06T17:53:23.754114,37.6233103,-122.3819677,120.03,15.06,0.06,-1.94,1.34,186.09,AUTO,1,16.50,98.21,1,15,-48.8
2025-12-06T17:53:23.954114,37.6233073,-122.3820017,120.06,15.10,0.07,-1.64,1.70,186.28,AUTO,1,16.49,98.20,1,12,-48.8
2025-12-06T17:53:24.154114,37.6233042,-122.3820357,120.05,15.06,-0.09,-1.90,1.50,186.51,AUTO,1,16.51,98.20,1,14,-48.9
2025-12-06T17:53:24.354114,37.6233011,-122.3820696,120.01,15.06,-0.00,-1.53,1.52,186.62,AUTO,1,16.49,98.20,1,15,-48.8
2025-12-06T17:53:24.554114,37.6232979,-122.3821034,120.00,15.03,-0.04,-2.13,1.21,186.86,AUTO,1,16.51,98.19,1,12,-48.9
2025-12-06T17:53:24.754114,37.6232946,-122.3821373,119.99,15.04,-0.09,-1.97,1.28,187.09,AUTO,1,16.49,98.19,1,13,-48.8
2025-12-06T17:53:24.954114,37.6232911,-122.3821712,119.98,15.06,-0.03,-1.76,1.32,187.31,AUTO,1,16.48,98.18,1,16,-48.8
2025-12-06T17:53:25.154114,37.6232876,-122.3822052,120.01,15.12,0.04,-1.61,1.58,187.54,AUTO,1,16.48,98.18,1,14,-48.8
2025-12-06T17:53:25.354114,37.6232839,-122.3822391,120.01,15.11,-0.03,-2.24,1.82,187.70,AUTO,1,16.49,98.18,1,13,-48.8
2025-12-06T17:53:25.554114,37.6232802,-122.3822731,120.00,15.10,0.09,-1.82,1.69,187.91,AUTO,1,16.49,98.17,1,14,-48.7
2025-12-06T17:53:25.754114,37.6232763,-122.3823070,119.98,15.10,-0.02,-2.16,1.37,188.17,AUTO,1,16.49,98.17,1,13,-48.7
2025-12-06T17:53:25.954114,37.6232724,-122.3823407,119.99,15.03,-0.04,-2.39,1.10,188.40,AUTO,1,16.51,98.16,1,15,-48.6
2025-12-06T17:53:26.154114,37.6232683,-122.3823743,120.00,14.98,-0.05,-2.27,1.40,188.64,AUTO,1,16.49,98.16,1,15,-48.4
2025-12-06T17:53:26.354114,37.6232642,-122.3824080,119.98,15.03,-0.09,-1.92,1.46,188.86,AUTO,1,16.51,98.16,1,12,-48.3
2025-12-06T17:53:26.554114,37.6232599,-122.3824418,119.95,15.10,-0.02,-2.69,1.40,189.00,AUTO,1,16.50,98.15,1,12,-48.4
2025-12-06T17:53:26.754114,37.6232556,-122.3824756,119.96,15.11,0.02,-2.32,1.39,189.13,AUTO,1,16.49,98.15,1,15,-48.4
2025-12-06T17:53:26.954114,37.6232512,-122.3825095,120.00,15.12,0.02,-2.17,1.33,189.31,AUTO,1,16.49,98.14,1,14,-48.4
2025-12-06T17:53:27.154114,37.6232467,-122.3825433,120.00,15.10,-0.01,-2.44,1.55,189.58,AUTO,1,16.49,98.14,1,14,-48.5
2025-12-06T17:53:27.354114,37.6232421,-122.3825768,120.03,15.02,0.11,-1.97,1.35,189.84,AUTO,1,16.50,98.14,1,13,-48.6
2025-12-06T17:53:27.554114,37.6232374,-122.3826104,120.04,15.02,-0.03,-2.71,1.77,189.98,AUTO,1,16.47,98.13,1,13,-48.5
2025-12-06T17:53:27.754114,37.6232327,-122.3826439,120.02,15.01,0.07,-2.86,1.05,190.17,AUTO,1,16.50,98.13,1,14,-48.5
2025-12-06T17:53:27.954114,37.6232278,-122.3826775,120.05,15.04,0.05,-2.34,1.18,190.36,AUTO,1,16.49,98.12,0,8,-48.6
2025-12-06T17:53:28.154114,37.6232228,-122.3827112,120.02,15.11,-0.04,-2.99,1.46,190.55,AUTO,1,16.47,98.12,1,13,-48.6
2025-12-06T17:53:28.354114,37.6232178,-122.3827448,120.01,15.11,-0.07,-2.49,1.58,190.72,AUTO,1,16.47,98.12,1,15,-48.8
2025-12-06T17:53:28.554114,37.6232126,-122.3827784,120.00,15.07,-0.04,-2.24,1.13,190.97,AUTO,1,16.47,98.11,1,15,-48.8
2025-12-06T17:53:28.754114,37.6232074,-122.3828120,119.96,15.11,-0.00,-2.87,1.17,191.22,AUTO,1,16.48,98.11,1,12,-48.8
2025-12-06T17:53:28.954114,37.6232020,-122.3828457,119.97,15.15,0.00,-2.54,1.44,191.42,AUTO,1,16.49,98.10,1,14,-48.9
2025-12-06T17:53:29.154114,37.6231965,-122.3828793,119.99,15.13,-0.01,-2.82,1.37,191.61,AUTO,1,16.47,98.10,1,15,-49.1
2025-12-06T17:53:29.354114,37.6231910,-122.3829128,119.98,15.08,-0.02,-2.82,1.27,191.80,AUTO,1,16.48,98.10,1,14,-49.2
2025-12-06T17:53:29.554114,37.6231853,-122.3829463,119.93,15.11,-0.06,-3.01,1.07,192.03,AUTO,1,16.49,98.09,1,12,-49.1
2025-12-06T17:53:29.754114,37.6231796,-122.3829799,119.94,15.14,0.03,-2.82,1.33,192.10,AUTO,1,16.49,98.09,1,11,-48.9
2025-12-06T17:53:29.954114,37.6231738,-122.3830134,119.94,15.10,0.00,-2.89,1.17,192.32,AUTO,1,16.48,98.08,1,13,-48.9
2025-12-06T17:53:30.154114,37.6231680,-122.3830467,119.94,15.04,0.03,-3.18,1.32,192.43,AUTO,1,16.46,98.08,1,12,-49.0
2025-12-06T17:53:30.354114,37.6231621,-122.3830799,119.95,15.02,-0.01,-2.90,1.09,192.58,AUTO,1,16.47,98.08,1,15,-49.1
2025-12-06T17:53:30.554114,37.6231561,-122.3831131,119.94,15.00,-0.07,-2.95,1.28,192.83,AUTO,1,16.48,98.07,1,15,-49.1
2025-12-06T17:53:30.754114,37.6231501,-122.3831463,119.94,15.03,-0.07,-3.23,1.04,193.00,AUTO,1,16.47,98.07,1,13,-49.1
2025-12-06T17:53:30.954114,37.6231439,-122.3831795,119.97,15.03,0.09,-3.35,0.84,193.16,AUTO,1,16.49,98.06,1,12,-49.2
2025-12-06T17:53:31.154114,37.6231377,-122.3832127,119.93,15.03,-0.01,-3.30,1.65,193.33,AUTO,1,16.46,98.06,1,11,-49.3
2025-12-06T17:53:31.354114,37.6231314,-122.3832457,119.95,15.00,-0.04,-2.91,0.90,193.58,AUTO,1,16.47,98.06,1,16,-49.3
2025-12-06T17:53:31.554114,37.6231250,-122.3832788,119.96,15.02,0.00,-2.96,1.26,193.68,AUTO,1,16.48,98.05,1,15,-49.3
2025-12-06T17:53:31.754114,37.6231185,-122.3833121,119.99,15.11,0.05,-3.22,1.10,193.84,AUTO,1,16.48,98.05,1,15,-49.4
2025-12-06T17:53:31.954114,37.6231119,-122.3833452,119.98,15.05,-0.07,-3.00,1.38,193.98,AUTO,1,16.47,98.04,1,14,-49.4
2025-12-06T17:53:32.154114,37.6231053,-122.3833786,119.97,15.16,0.01,-2.50,0.79,194.21,AUTO,1,16.46,98.04,1,12,-49.4
2025-12-06T17:53:32.354114,37.6230986,-122.3834116,119.99,15.02,0.02,-3.01,1.10,194.36,AUTO,1,16.46,98.04,1,15,-49.3
2025-12-06T17:53:32.554114,37.6230918,-122.3834445,119.97,15.01,0.02,-3.78,1.24,194.49,AUTO,1,16.47,98.03,1,12,-49.1
2025-12-06T17:53:32.754114,37.6230850,-122.3834774,119.98,14.96,0.08,-3.55,1.09,194.67,AUTO,1,16.47,98.03,1,13,-49.0
2025-12-06T17:53:32.954114,37.6230781,-122.3835102,120.01,14.98,0.06,-2.77,1.07,194.90,AUTO,1,16.47,98.02,1,13,-48.9
2025-12-06T17:53:33.154114,37.6230712,-122.3835428,119.99,14.88,-0.07,-3.10,0.82,195.03,AUTO,1,16.46,98.02,1,13,-49.0
2025-12-06T17:53:33.354114,37.6230641,-122.3835755,119.99,14.92,0.10,-3.44,1.13,195.18,AUTO,1,16.46,98.02,1,14,-49.0
2025-12-06T17:53:33.554114,37.6230570,-122.3836082,119.98,14.96,-0.02,-3.44,1.09,195.34,AUTO,1,16.48,98.01,1,16,-49.0
2025-12-06T17:53:33.754114,37.6230499,-122.3836408,119.97,14.93,0.02,-3.41,1.01,195.46,AUTO,1,16.45,98.01,1,12,-48.9
2025-12-06T17:53:33.954114,37.6230426,-122.3836735,119.99,14.97,-0.04,-2.90,1.17,195.60,AUTO,1,16.47,98.00,1,15,-49.1
2025-12-06T17:53:34.154114,37.6230354,-122.3837063,120.01,14.98,0.00,-3.72,0.88,195.61,AUTO,1,16.48,98.00,1,13,-49.1
2025-12-06T17:53:34.354114,37.6230281,-122.3837389,120.03,14.97,0.02,-3.68,0.92,195.81,AUTO,1,16.45,98.00,1,14,-49.2
2025-12-06T17:53:34.554114,37.6230207,-122.3837717,120.03,15.01,-0.00,-3.72,1.08,195.94,AUTO,1,16.46,97.99,1,12,-49.3
2025-12-06T17:53:34.754114,37.6230132,-122.3838045,120.05,15.06,-0.00,-3.58,1.32,196.13,AUTO,1,16.47,97.99,1,11,-49.2
2025-12-06T17:53:34.954114,37.6230056,-122.3838373,120.05,15.06,0.02,-3.54,0.89,196.26,AUTO,1,16.46,97.98,1,13,-49.2
2025-12-06T17:53:35.154114,37.6229980,-122.3838699,120.00,15.00,-0.05,-3.62,1.28,196.35,AUTO,1,16.46,97.98,1,15,-49.2
2025-12-06T17:53:35.354114,37.6229903,-122.3839025,119.98,15.01,-0.07,-3.81,0.77,196.53,AUTO,1,16.48,97.98,1,14,-49.2
2025-12-06T17:53:35.554114,37.6229826,-122.3839352,120.00,15.03,0.01,-3.66,1.11,196.64,AUTO,1,16.45,97.97,1,12,-49.3
2025-12-06T17:53:35.754114,37.6229748,-122.3839679,119.98,15.04,-0.01,-3.57,0.75,196.78,AUTO,1,16.45,97.97,1,14,-49.3
2025-12-06T17:53:35.954114,37.6229670,-122.3840005,119.96,15.02,-0.09,-3.83,0.97,196.86,AUTO,1,16.45,97.96,1,16,-49.4
2025-12-06T17:53:36.154114,37.6229590,-122.3840332,119.98,15.08,-0.01,-3.77,0.87,197.01,AUTO,1,16.46,97.96,1,15,-49.5
2025-12-06T17:53:36.354114,37.6229511,-122.3840658,120.03,15.02,-0.03,-4.01,1.09,197.09,AUTO,1,16.45,97.96,1,13,-49.6
2025-12-06T17:53:36.554114,37.6229431,-122.3840983,120.01,15.00,-0.17,-4.10,0.90,197.21,AUTO,1,16.44,97.95,1,14,-49.6
2025-12-06T17:53:36.754114,37.6229351,-122.3841306,120.00,14.94,0.00,-4.01,1.18,197.32,AUTO,1,16.46,97.95,1,14,-49.7
2025-12-06T17:53:36.954114,37.6229271,-122.3841630,119.99,14.97,0.00,-4.09,0.75,197.49,AUTO,1,16.45,97.94,1,14,-49.8
2025-12-06T17:53:37.154114,37.6229189,-122.3841955,120.01,15.06,0.00,-3.98,0.82,197.63,AUTO,1,16.45,97.94,1,12,-49.9
2025-12-06T17:53:37.354114,37.6229106,-122.3842280,119.99,15.04,-0.01,-4.04,0.92,197.73,AUTO,1,16.47,97.94,1,13,-49.9
2025-12-06T17:53:37.554114,37.6229024,-122.3842605,120.01,15.01,0.09,-4.27,0.55,197.78,AUTO,1,16.44,97.93,1,12,-49.9
2025-12-06T17:53:37.754114,37.6228941,-122.3842930,120.04,15.06,0.04,-4.21,1.12,197.86,AUTO,1,16.46,97.93,1,14,-49.9
2025-12-06T17:53:37.954114,37.6228857,-122.3843257,120.04,15.18,-0.01,-3.93,0.87,197.89,AUTO,1,16.45,97.92,1,13,-49.9
2025-12-06T17:53:38.154114,37.6228772,-122.3843586,120.07,15.22,-0.00,-4.05,0.72,198.09,AUTO,1,16.46,97.92,1,15,-49.9
2025-12-06T17:53:38.354114,37.6228687,-122.3843913,120.07,15.22,-0.10,-3.57,0.75,198.31,AUTO,1,16.46,97.92,1,14,-49.7
2025-12-06T17:53:38.554114,37.6228600,-122.3844241,120.05,15.22,0.01,-4.00,0.72,198.37,AUTO,1,16.47,97.91,1,11,-49.7
2025-12-06T17:53:38.754114,37.6228514,-122.3844568,120.01,15.18,-0.08,-4.59,0.61,198.48,AUTO,1,16.46,97.91,1,12,-49.6
2025-12-06T17:53:38.954114,37.6228427,-122.3844895,120.03,15.21,0.04,-4.49,0.94,198.59,AUTO,1,16.45,97.90,1,14,-49.6
2025-12-06T17:53:39.154114,37.6228339,-122.3845221,120.05,15.20,0.03,-3.91,0.50,198.64,AUTO,1,16.44,97.90,1,13,-49.5
2025-12-06T17:53:39.354114,37.6228252,-122.3845547,120.06,15.14,0.05,-3.66,0.38,198.72,AUTO,1,16.45,97.90,1,13,-49.4
2025-12-06T17:53:39.554114,37.6228164,-122.3845872,120.07,15.16,0.01,-4.26,0.57,198.88,AUTO,1,16.44,97.89,1,15,-49.4
2025-12-06T17:53:39.754114,37.6228076,-122.3846195,120.08,15.08,0.01,-3.74,0.73,199.01,AUTO,1,16.43,97.89,1,15,-49.2
2025-12-06T17:53:39.954114,37.6227987,-122.3846518,120.06,15.08,-0.02,-4.58,0.67,199.13,AUTO,1,16.46,97.88,1,14,-49.3
2025-12-06T17:53:40.154114,37.6227898,-122.3846840,120.07,15.03,-0.08,-3.73,0.65,199.18,AUTO,1,16.43,97.88,1,17,-49.4
2025-12-06T17:53:40.354114,37.6227809,-122.3847163,120.07,15.08,-0.02,-4.65,0.70,199.31,AUTO,1,16.43,97.88,1,13,-49.5
2025-12-06T17:53:40.554114,37.6227719,-122.3847483,120.03,14.98,-0.06,-4.12,0.74,199.53,AUTO,1,16.46,97.87,1,10,-49.6
2025-12-06T17:53:40.754114,37.6227629,-122.3847801,119.97,14.88,-0.11,-4.41,0.60,199.66,AUTO,1,16.44,97.87,1,13,-49.7
2025-12-06T17:53:40.954114,37.6227538,-122.3848119,119.93,14.90,0.07,-4.27,0.91,199.75,AUTO,1,16.44,97.86,1,13,-49.5
2025-12-06T17:53:41.154114,37.6227447,-122.3848438,119.97,14.94,0.04,-4.25,0.74,199.99,AUTO,1,16.43,97.86,1,13,-49.5
2025-12-06T17:53:41.354114,37.6227354,-122.3848756,119.95,14.95,0.00,-4.33,0.25,200.06,AUTO,1,16.44,97.86,1,14,-49.5
2025-12-06T17:53:41.554114,37.6227262,-122.3849075,119.94,14.99,-0.01,-4.62,0.55,200.18,AUTO,1,16.44,97.85,1,13,-49.5
2025-12-06T17:53:41.754114,37.6227169,-122.3849394,119.92,14.98,0.01,-4.66,0.47,200.21,AUTO,1,16.44,97.85,1,13,-49.5
2025-12-06T17:53:41.954114,37.6227076,-122.3849712,119.91,14.95,-0.06,-4.82,1.06,200.22,AUTO,1,16.45,97.84,1,14,-49.5
2025-12-06T17:53:42.154114,37.6226982,-122.3850033,119.91,15.06,-0.11,-4.54,0.54,200.35,AUTO,1,16.45,97.84,0,6,-49.5
2025-12-06T17:53:42.354114,37.6226888,-122.3850351,119.91,14.98,0.03,-4.42,0.71,200.42,AUTO,1,16.42,97.84,1,13,-49.4
2025-12-06T17:53:42.554114,37.6226794,-122.3850668,119.96,14.91,0.07,-4.46,0.51,200.53,AUTO,1,16.44,97.83,1,14,-49.4
2025-12-06T17:53:42.754114,37.6226699,-122.3850986,119.95,14.97,-0.01,-4.14,0.68,200.64,AUTO,1,16.42,97.83,1,14,-49.5
2025-12-06T17:53:42.954114,37.6226604,-122.3851304,119.90,14.99,-0.01,-4.69,1.10,200.68,AUTO,1,16.42,97.82,1,12,-49.4
2025-12-06T17:53:43.154114,37.6226508,-122.3851622,119.89,15.02,0.06,-4.51,0.96,200.81,AUTO,1,16.44,97.82,1,15,-49.2
2025-12-06T17:53:43.354114,37.6226412,-122.3851941,119.90,15.03,0.09,-4.26,0.71,200.91,AUTO,1,16.41,97.82,1,13,-49.4
2025-12-06T17:53:43.554114,37.6226315,-122.3852259,119.88,15.02,0.03,-4.24,0.71,200.96,AUTO,1,16.43,97.81,1,14,-49.2
2025-12-06T17:53:43.754114,37.6226218,-122.3852578,119.88,15.05,0.05,-4.72,0.36,201.02,AUTO,1,16.43,97.81,1,12,-49.2
2025-12-06T17:53:43.954114,37.6226121,-122.3852895,119.90,15.01,0.03,-4.77,0.28,201.16,AUTO,1,16.44,97.80,1,13,-49.0
2025-12-06T17:53:44.154114,37.6226023,-122.3853213,119.86,15.03,-0.05,-4.89,0.32,201.25,AUTO,1,16.43,97.80,1,12,-48.9
2025-12-06T17:53:44.354114,37.6225924,-122.3853532,119.87,15.11,0.06,-4.97,0.21,201.36,AUTO,1,16.43,97.80,1,14,-48.8
2025-12-06T17:53:44.554114,37.6225825,-122.3853852,119.87,15.17,-0.00,-4.34,0.56,201.39,AUTO,1,16.43,97.79,1,15,-49.0
2025-12-06T17:53:44.754114,37.6225725,-122.3854170,119.86,15.06,0.03,-4.11,0.18,201.49,AUTO,1,16.41,97.79,1,15,-49.0
2025-12-06T17:53:44.954114,37.6225626,-122.3854487,119.87,15.02,0.01,-4.97,0.49,201.59,AUTO,1,16.43,97.78,1,9,-49.0
2025-12-06T17:53:45.154114,37.6225527,-122.3854805,119.89,15.09,0.08,-4.72,0.49,201.55,AUTO,1,16.45,97.78,1,13,-49.0
2025-12-06T17:53:45.354114,37.6225427,-122.3855123,119.89,15.05,0.04,-4.59,0.49,201.64,AUTO,1,16.43,97.78,1,16,-48.9
2025-12-06T17:53:45.554114,37.6225327,-122.3855440,119.88,15.04,0.04,-4.69,0.76,201.71,AUTO,1,16.44,97.77,1,14,-49.0
2025-12-06T17:53:45.754114,37.6225227,-122.3855755,119.92,14.94,0.04,-4.96,0.34,201.74,AUTO,1,16.42,97.77,1,14,-49.1
2025-12-06T17:53:45.954114,37.6225128,-122.3856068,119.93,14.90,0.04,-4.64,0.23,201.76,AUTO,1,16.43,97.76,1,12,-49.0
2025-12-06T17:53:46.154114,37.6225028,-122.3856383,119.89,14.92,-0.00,-4.89,0.39,201.84,AUTO,1,16.42,97.76,1,13,-48.8
2025-12-06T17:53:46.354114,37.6224928,-122.3856698,119.89,14.96,0.01,-5.18,0.48,201.88,AUTO,1,16.43,97.76,1,13,-49.0
2025-12-06T17:53:46.554114,37.6224827,-122.3857014,119.92,15.03,0.09,-4.60,0.25,201.97,AUTO,1,16.42,97.75,1,12,-49.0
2025-12-06T17:53:46.754114,37.6224726,-122.3857330,119.95,15.05,0.02,-5.28,0.76,202.03,AUTO,1,16.42,97.75,1,13,-49.1
2025-12-06T17:53:46.954114,37.6224625,-122.3857647,119.92,15.05,0.01,-4.62,0.63,201.97,AUTO,1,16.42,97.74,1,15,-49.0
2025-12-06T17:53:47.154114,37.6224523,-122.3857964,119.95,15.07,0.11,-4.41,0.12,202.02,AUTO,1,16.42,97.74,1,16,-49.0
2025-12-06T17:53:47.354114,37.6224422,-122.3858281,119.98,15.06,0.02,-5.22,0.64,202.01,AUTO,1,16.44,97.74,1,13,-49.1
2025-12-06T17:53:47.554114,37.6224320,-122.3858597,119.99,15.04,0.02,-4.81,-0.05,202.05,AUTO,1,16.42,97.73,1,15,-49.1
2025-12-06T17:53:47.754114,37.6224218,-122.3858914,120.03,15.08,0.10,-4.88,0.12,202.13,AUTO,1,16.41,97.73,1,15,-49.0
2025-12-06T17:53:47.954114,37.6224116,-122.3859230,120.04,15.05,-0.05,-5.20,0.44,202.20,AUTO,1,16.42,97.72,1,13,-49.1
2025-12-06T17:53:48.154114,37.6224014,-122.3859545,120.04,15.03,-0.06,-5.12,0.04,202.25,AUTO,1,16.41,97.72,1,15,-49.0
2025-12-06T17:53:48.354114,37.6223911,-122.3859861,120.05,15.03,-0.02,-4.77,0.51,202.33,AUTO,1,16.40,97.72,1,13,-49.1
2025-12-06T17:53:48.554114,37.6223808,-122.3860176,120.04,15.02,-0.01,-5.19,0.36,202.42,AUTO,1,16.42,97.71,1,13,-49.2
2025-12-06T17:53:48.754114,37.6223705,-122.3860490,120.03,15.02,-0.07,-4.95,0.11,202.42,AUTO,1,16.41,97.71,1,13,-49.1
2025-12-06T17:53:48.954114,37.6223603,-122.3860806,120.08,15.03,0.05,-5.40,0.32,202.39,AUTO,1,16.40,97.70,1,14,-49.1
2025-12-06T17:53:49.154114,37.6223499,-122.3861121,120.08,15.06,-0.03,-4.84,0.43,202.50,AUTO,1,16.42,97.70,1,14,-49.1
2025-12-06T17:53:49.354114,37.6223396,-122.3861436,120.05,15.02,-0.07,-5.24,0.51,202.48,AUTO,1,16.41,97.70,1,13,-49.1
2025-12-06T17:53:49.554114,37.6223293,-122.3861750,120.02,15.00,-0.03,-4.93,0.72,202.50,AUTO,1,16.40,97.69,1,12,-49.1
2025-12-06T17:53:49.754114,37.6223190,-122.3862066,120.02,15.03,-0.01,-4.76,0.18,202.44,AUTO,1,16.41,97.69,1,14,-49.1
2025-12-06T17:53:49.954114,37.6223087,-122.3862380,120.00,15.00,-0.07,-4.54,0.14,202.38,AUTO,1,16.42,97.68,1,13,-49.0
2025-12-06T17:53:50.154114,37.6222985,-122.3862694,120.01,14.97,0.01,-4.80,0.52,202.32,AUTO,1,16.43,97.68,1,12,-49.1
2025-12-06T17:53:50.354114,37.6222883,-122.3863008,120.03,14.97,0.02,-4.89,0.12,202.34,AUTO,1,16.42,97.68,1,13,-49.3
2025-12-06T17:53:50.554114,37.6222779,-122.3863324,120.00,15.05,-0.12,-4.41,-0.09,202.41,AUTO,1,16.41,97.67,1,15,-49.3
2025-12-06T17:53:50.754114,37.6222676,-122.3863640,119.98,15.06,-0.02,-5.04,0.28,202.46,AUTO,1,16.41,97.67,1,13,-49.2
2025-12-06T17:53:50.954114,37.6222573,-122.3863955,120.02,15.06,0.13,-4.73,0.61,202.45,AUTO,1,16.42,97.66,1,13,-49.2
2025-12-06T17:53:51.154114,37.6222469,-122.3864271,120.03,15.08,-0.01,-5.30,0.27,202.53,AUTO,1,16.41,97.66,1,14,-49.3
2025-12-06T17:53:51.354114,37.6222365,-122.3864586,120.01,15.02,-0.06,-4.96,0.03,202.57,AUTO,1,16.42,97.66,1,13,-49.2
2025-12-06T17:53:51.554114,37.6222262,-122.3864901,120.00,15.03,0.02,-5.22,0.26,202.52,AUTO,1,16.42,97.65,1,12,-49.1
2025-12-06T17:53:51.754114,37.6222159,-122.3865216,119.98,15.02,-0.04,-4.55,0.19,202.50,AUTO,1,16.39,97.65,1,14,-49.1
2025-12-06T17:53:51.954114,37.6222055,-122.3865532,119.96,15.07,0.00,-5.10,-0.14,202.47,AUTO,1,16.41,97.64,1,14,-48.9
2025-12-06T17:53:52.154114,37.6221952,-122.3865848,119.99,15.09,0.01,-5.11,0.47,202.41,AUTO,1,16.42,97.64,1,13,-48.9
2025-12-06T17:53:52.354114,37.6221848,-122.3866165,120.00,15.10,0.02,-4.56,-0.25,202.41,AUTO,1,16.40,97.64,1,16,-48.9
2025-12-06T17:53:52.554114,37.6221745,-122.3866482,120.00,15.15,0.01,-4.88,0.15,202.46,AUTO,1,16.40,97.63,1,12,-49.1
2025-12-06T17:53:52.754114,37.6221641,-122.3866797,119.98,15.05,-0.08,-4.80,-0.36,202.51,AUTO,1,16.41,97.63,1,15,-49.0
2025-12-06T17:53:52.954114,37.6221538,-122.3867112,119.96,15.02,0.02,-4.84,0.45,202.54,AUTO,1,16.40,97.62,1,14,-49.0
2025-12-06T17:53:53.154114,37.6221434,-122.3867427,119.97,15.02,0.00,-4.60,-0.12,202.56,AUTO,1,16.39,97.62,1,12,-48.9
2025-12-06T17:53:53.354114,37.6221330,-122.3867742,119.99,15.04,-0.01,-4.65,-0.03,202.56,AUTO,1,16.40,97.62,1,14,-48.8
2025-12-06T17:53:53.554114,37.6221226,-122.3868059,120.03,15.14,0.13,-5.16,0.41,202.59,AUTO,1,16.39,97.61,1,16,-48.6
2025-12-06T17:53:53.754114,37.6221121,-122.3868375,120.02,15.11,0.03,-5.51,-0.02,202.64,AUTO,1,16.41,97.61,1,17,-48.7
2025-12-06T17:53:53.954114,37.6221016,-122.3868692,119.99,15.13,-0.02,-4.98,0.11,202.71,AUTO,1,16.39,97.60,1,13,-48.7
2025-12-06T17:53:54.154114,37.6220911,-122.3869009,120.03,15.15,0.04,-4.74,0.68,202.81,AUTO,1,16.40,97.60,1,13,-48.8
2025-12-06T17:53:54.354114,37.6220806,-122.3869326,120.01,15.17,-0.03,-4.82,0.12,202.74,AUTO,1,16.39,97.60,1,11,-48.8
2025-12-06T17:53:54.554114,37.6220701,-122.3869642,119.96,15.10,-0.04,-5.12,0.19,202.73,AUTO,1,16.41,97.59,1,11,-48.8
2025-12-06T17:53:54.754114,37.6220596,-122.3869959,119.96,15.15,-0.02,-4.85,-0.20,202.67,AUTO,1,16.39,97.59,1,15,-48.9
2025-12-06T17:53:54.954114,37.6220492,-122.3870275,119.98,15.11,-0.00,-4.62,-0.37,202.54,AUTO,1,16.39,97.58,1,16,-48.9
2025-12-06T17:53:55.154114,37.6220388,-122.3870591,120.00,15.06,0.06,-4.86,-0.30,202.52,AUTO,1,16.39,97.58,1,15,-49.0
2025-12-06T17:53:55.354114,37.6220284,-122.3870907,119.97,15.08,-0.06,-4.85,0.05,202.53,AUTO,1,16.39,97.58,1,13,-49.1
2025-12-06T17:53:55.554114,37.6220180,-122.3871224,119.98,15.14,0.02,-5.05,-0.30,202.58,AUTO,1,16.39,97.57,1,11,-49.0
2025-12-06T17:53:55.754114,37.6220077,-122.3871539,119.96,15.02,-0.04,-5.10,-0.09,202.54,AUTO,1,16.39,97.57,1,15,-49.1
2025-12-06T17:53:55.954114,37.6219973,-122.3871853,119.99,15.01,0.11,-5.09,-0.21,202.51,AUTO,1,16.40,97.56,1,14,-49.0
2025-12-06T17:53:56.154114,37.6219871,-122.3872167,120.01,14.96,0.00,-5.29,0.07,202.47,AUTO,1,16.39,97.56,1,14,-48.9
2025-12-06T17:53:56.354114,37.6219768,-122.3872481,120.04,14.98,0.02,-4.92,-0.06,202.46,AUTO,1,16.39,97.56,1,11,-49.1
2025-12-06T17:53:56.554114,37.6219665,-122.3872796,120.05,15.02,0.05,-4.93,-0.09,202.44,AUTO,1,16.39,97.55,1,14,-49.2
2025-12-06T17:53:56.754114,37.6219562,-122.3873110,120.04,14.96,0.00,-5.37,0.01,202.36,AUTO,1,16.40,97.55,1,15,-49.0
2025-12-06T17:53:56.954114,37.6219461,-122.3873423,120.07,14.91,-0.04,-5.21,-0.13,202.25,AUTO,1,16.38,97.54,1,13,-49.1
2025-12-06T17:53:57.154114,37.6219359,-122.3873737,120.10,14.96,-0.04,-4.72,0.18,202.24,AUTO,1,16.38,97.54,1,14,-49.3
2025-12-06T17:53:57.354114,37.6219257,-122.3874053,120.09,15.08,-0.06,-4.74,0.08,202.21,AUTO,1,16.38,97.54,1,13,-49.4
2025-12-06T17:53:57.554114,37.6219155,-122.3874368,120.09,14.99,0.05,-4.94,-0.47,202.23,AUTO,1,16.39,97.53,1,12,-49.6
2025-12-06T17:53:57.754114,37.6219053,-122.3874683,120.07,14.99,-0.09,-5.31,-0.05,202.18,AUTO,1,16.38,97.53,1,13,-49.6
2025-12-06T17:53:57.954114,37.6218952,-122.3874998,120.05,14.98,-0.01,-4.85,-0.10,202.13,AUTO,1,16.37,97.52,1,15,-49.4
2025-12-06T17:53:58.154114,37.6218851,-122.3875311,120.07,14.93,-0.01,-5.07,0.17,202.05,AUTO,1,16.39,97.52,1,13,-49.4
2025-12-06T17:53:58.354114,37.6218750,-122.3875626,120.07,14.97,-0.02,-5.09,-0.12,202.06,AUTO,1,16.38,97.52,1,14,-49.5
2025-12-06T17:53:58.554114,37.6218650,-122.3875941,120.07,14.97,0.02,-5.40,-0.70,201.96,AUTO,1,16.39,97.51,0,6,-49.4
2025-12-06T17:53:58.754114,37.6218549,-122.3876257,120.10,15.00,-0.01,-4.94,-0.10,202.03,AUTO,1,16.40,97.51,1,13,-49.0
2025-12-06T17:53:58.954114,37.6218448,-122.3876573,120.11,15.03,0.04,-4.54,-0.01,201.89,AUTO,1,16.40,97.50,1,13,-49.0
2025-12-06T17:53:59.154114,37.6218348,-122.3876889,120.12,15.01,0.08,-5.25,-0.00,201.83,AUTO,1,16.37,97.50,1,12,-48.9
2025-12-06T17:53:59.354114,37.6218248,-122.3877204,120.11,14.96,-0.06,-4.25,-0.33,201.82,AUTO,1,16.38,97.50,1,13,-49.0
2025-12-06T17:53:59.554114,37.6218148,-122.3877519,120.12,14.97,0.04,-4.64,-0.59,201.72,AUTO,1,16.36,97.49,1,14,-49.1
2025-12-06T17:53:59.754114,37.6218049,-122.3877835,120.10,14.95,-0.06,-4.83,-0.31,201.61,AUTO,1,16.38,97.49,1,14,-49.2
2025-12-06T17:53:59.954114,37.6217950,-122.3878151,120.12,15.00,-0.03,-5.11,0.18,201.59,AUTO,1,16.37,97.48,1,13,-49.4
2025-12-06T17:54:00.154114,37.6217851,-122.3878468,120.08,15.02,-0.08,-4.91,-0.62,201.53,AUTO,1,16.36,97.48,1,15,-49.5
2025-12-06T17:54:00.354114,37.6217753,-122.3878783,120.06,14.94,-0.03,-5.50,-0.59,201.56,AUTO,1,16.39,97.48,1,14,-49.6
2025-12-06T17:54:00.554114,37.6217655,-122.3879097,120.01,14.90,-0.02,-4.80,-0.24,201.46,AUTO,1,16.37,97.47,1,14,-49.7
2025-12-06T17:54:00.754114,37.6217557,-122.3879411,119.95,14.86,-0.03,-4.51,-0.44,201.40,AUTO,1,16.39,97.47,1,11,-49.7
2025-12-06T17:54:00.954114,37.6217461,-122.3879724,119.91,14.82,-0.01,-5.19,-0.46,201.29,AUTO,1,16.38,97.46,1,13,-49.8
2025-12-06T17:54:01.154114,37.6217364,-122.3880037,119.87,14.81,-0.11,-4.77,-0.30,201.27,AUTO,1,16.37,97.46,1,13,-49.9
2025-12-06T17:54:01.354114,37.6217268,-122.3880351,119.91,14.82,0.05,-4.81,-0.44,201.23,AUTO,1,16.39,97.46,1,13,-49.8
2025-12-06T17:54:01.554114,37.6217171,-122.3880666,119.93,14.92,0.10,-4.27,-0.45,201.22,AUTO,1,16.37,97.45,1,14,-49.8
2025-12-06T17:54:01.754114,37.6217074,-122.3880983,119.93,14.97,-0.03,-5.04,-0.29,201.12,AUTO,1,16.37,97.45,1,15,-49.8
2025-12-06T17:54:01.954114,37.6216977,-122.3881299,119.91,14.91,0.02,-4.76,-0.38,201.11,AUTO,1,16.38,97.44,1,14,-50.1
2025-12-06T17:54:02.154114,37.6216881,-122.3881614,119.93,14.90,0.11,-4.64,-0.37,200.97,AUTO,1,16.37,97.44,1,13,-50.1
2025-12-06T17:54:02.354114,37.6216786,-122.3881930,119.97,14.92,0.09,-4.93,-0.29,200.93,AUTO,1,16.36,97.44,1,11,-50.2
2025-12-06T17:54:02.554114,37.6216691,-122.3882244,119.95,14.82,0.01,-4.58,-0.55,200.85,AUTO,1,16.36,97.43,1,13,-50.3
2025-12-06T17:54:02.754114,37.6216597,-122.3882557,119.94,14.75,0.06,-4.29,-0.98,200.78,AUTO,1,16.37,97.43,1,14,-50.1
2025-12-06T17:54:02.954114,37.6216503,-122.3882870,119.93,14.76,0.02,-5.11,-0.48,200.71,AUTO,1,16.37,97.42,1,12,-50.2
2025-12-06T17:54:03.154114,37.6216409,-122.3883185,119.97,14.84,0.04,-5.36,-0.74,200.67,AUTO,1,16.37,97.42,1,13,-50.3
2025-12-06T17:54:03.354114,37.6216315,-122.3883502,119.96,14.92,-0.03,-4.88,-0.53,200.60,AUTO,1,16.37,97.42,1,14,-50.2
2025-12-06T17:54:03.554114,37.6216220,-122.3883821,119.92,15.02,0.01,-4.66,-0.23,200.45,AUTO,1,16.35,97.41,1,16,-50.1
2025-12-06T17:54:03.754114,37.6216126,-122.3884142,119.94,15.08,-0.02,-4.28,-0.40,200.35,AUTO,1,16.36,97.41,1,13,-50.1
2025-12-06T17:54:03.954114,37.6216033,-122.3884461,119.94,14.97,-0.08,-4.55,-0.79,200.27,AUTO,1,16.36,97.40,1,12,-50.1
2025-12-06T17:54:04.154114,37.6215940,-122.3884779,119.95,14.95,0.05,-4.66,-0.23,200.15,AUTO,1,16.37,97.40,1,13,-50.0
2025-12-06T17:54:04.354114,37.6215848,-122.3885098,119.92,14.99,-0.09,-4.60,-0.21,200.15,AUTO,1,16.36,97.40,1,14,-49.9
2025-12-06T17:54:04.554114,37.6215755,-122.3885417,119.93,14.97,0.01,-4.81,-0.79,200.09,AUTO,1,16.37,97.39,1,14,-50.0
2025-12-06T17:54:04.754114,37.6215663,-122.3885737,119.97,14.99,0.05,-4.41,-0.61,199.98,AUTO,1,16.36,97.39,1,16,-50.0
2025-12-06T17:54:04.954114,37.6215572,-122.3886055,119.97,14.93,-0.01,-4.68,-0.57,199.86,AUTO,1,16.38,97.38,1,15,-50.1
2025-12-06T17:54:05.154114,37.6215481,-122.3886374,119.95,14.96,0.01,-4.75,-0.67,199.78,AUTO,1,16.37,97.38,1,13,-50.1
2025-12-06T17:54:05.354114,37.6215391,-122.3886692,119.97,14.89,0.07,-4.36,-0.20,199.68,AUTO,1,16.37,97.38,1,14,-50.1
2025-12-06T17:54:05.554114,37.6215302,-122.3887010,119.94,14.87,0.03,-4.56,-0.76,199.59,AUTO,1,16.37,97.37,1,14,-50.0
2025-12-06T17:54:05.754114,37.6215212,-122.3887329,119.98,14.92,-0.01,-4.58,-0.60,199.51,AUTO,1,16.36,97.37,1,15,-49.9
2025-12-06T17:54:05.954114,37.6215123,-122.3887648,119.99,14.93,0.03,-4.02,-0.68,199.42,AUTO,1,16.36,97.36,1,14,-50.1
2025-12-06T17:54:06.154114,37.6215034,-122.3887968,119.98,14.95,0.00,-4.59,-0.54,199.30,AUTO,1,16.34,97.36,1,14,-50.1
2025-12-06T17:54:06.354114,37.6214945,-122.3888290,120.03,15.04,0.09,-5.33,-0.69,199.20,AUTO,1,16.34,97.36,1,15,-50.3
2025-12-06T17:54:06.554114,37.6214857,-122.3888612,120.00,15.01,-0.04,-4.52,-0.13,199.05,AUTO,1,16.32,97.35,1,13,-50.2
2025-12-06T17:54:06.754114,37.6214770,-122.3888934,120.03,15.01,0.06,-3.94,-0.66,198.99,AUTO,1,16.36,97.35,1,13,-50.3
2025-12-06T17:54:06.954114,37.6214683,-122.3889255,120.04,14.94,0.02,-4.66,-0.56,198.88,AUTO,1,16.35,97.34,1,15,-50.1
2025-12-06T17:54:07.154114,37.6214596,-122.3889576,120.04,14.95,0.01,-4.39,-0.46,198.85,AUTO,1,16.36,97.34,1,14,-50.2
2025-12-06T17:54:07.354114,37.6214509,-122.3889897,120.04,14.95,0.00,-4.28,-0.59,198.79,AUTO,1,16.35,97.34,1,15,-50.3
2025-12-06T17:54:07.554114,37.6214424,-122.3890216,120.04,14.87,-0.09,-4.60,-0.51,198.71,AUTO,1,16.33,97.33,1,14,-50.2
2025-12-06T17:54:07.754114,37.6214338,-122.3890537,120.02,14.93,-0.03,-4.56,-0.57,198.63,AUTO,1,16.36,97.33,1,12,-50.3
2025-12-06T17:54:07.954114,37.6214253,-122.3890859,120.03,14.95,-0.03,-3.81,-0.71,198.49,AUTO,1,16.34,97.32,1,13,-50.4
2025-12-06T17:54:08.154114,37.6214169,-122.3891178,120.04,14.84,0.03,-4.66,-0.87,198.39,AUTO,1,16.33,97.32,1,13,-50.4
2025-12-06T17:54:08.354114,37.6214086,-122.3891497,120.04,14.80,-0.02,-4.26,-0.56,198.23,AUTO,1,16.34,97.32,1,13,-50.3
2025-12-06T17:54:08.554114,37.6214002,-122.3891817,120.02,14.82,-0.02,-4.53,-0.65,198.18,AUTO,1,16.35,97.31,1,13,-50.3
2025-12-06T17:54:08.754114,37.6213920,-122.3892136,120.04,14.82,0.02,-3.85,-0.78,198.09,AUTO,1,16.36,97.31,1,14,-50.4
2025-12-06T17:54:08.954114,37.6213838,-122.3892456,120.03,14.83,-0.06,-4.16,-0.60,197.91,AUTO,1,16.36,97.30,1,14,-50.5
2025-12-06T17:54:09.154114,37.6213756,-122.3892778,119.99,14.90,-0.13,-3.94,-0.95,197.79,AUTO,1,16.33,97.30,1,14,-50.4
2025-12-06T17:54:09.354114,37.6213674,-122.3893102,119.99,14.99,0.04,-4.37,-0.80,197.67,AUTO,1,16.36,97.30,1,14,-50.3
2025-12-06T17:54:09.554114,37.6213594,-122.3893423,119.99,14.86,0.09,-4.34,-0.64,197.57,AUTO,1,16.35,97.29,1,15,-50.4
2025-12-06T17:54:09.754114,37.6213514,-122.3893745,120.00,14.87,-0.01,-4.64,-0.75,197.42,AUTO,1,16.33,97.29,1,14,-50.3
2025-12-06T17:54:09.954114,37.6213434,-122.3894068,120.04,14.91,0.04,-4.02,-0.58,197.26,AUTO,1,16.35,97.28,1,13,-50.3
2025-12-06T17:54:10.154114,37.6213356,-122.3894390,120.03,14.84,-0.03,-4.58,-1.19,197.10,AUTO,1,16.34,97.28,1,13,-50.5
2025-12-06T17:54:10.354114,37.6213278,-122.3894714,120.04,14.93,0.05,-3.97,-0.64,196.92,AUTO,1,16.33,97.28,1,13,-50.6
2025-12-06T17:54:10.554114,37.6213200,-122.3895039,120.09,14.95,-0.02,-3.80,-0.88,196.84,AUTO,1,16.34,97.27,1,13,-50.5
2025-12-06T17:54:10.754114,37.6213122,-122.3895364,120.07,14.98,-0.03,-3.89,-0.56,196.76,AUTO,1,16.33,97.27,1,14,-50.5
2025-12-06T17:54:10.954114,37.6213045,-122.3895692,120.07,15.08,-0.01,-3.59,-0.90,196.61,AUTO,1,16.34,97.26,1,14,-50.6
2025-12-06T17:54:11.154114,37.6212968,-122.3896020,120.05,15.08,-0.09,-4.53,-0.71,196.48,AUTO,1,16.34,97.26,1,14,-50.8
2025-12-06T17:54:11.354114,37.6212892,-122.3896347,120.06,15.03,-0.05,-3.84,-1.13,196.41,AUTO,1,16.34,97.26,1,12,-50.8
2025-12-06T17:54:11.554114,37.6212816,-122.3896674,120.06,15.01,0.06,-3.96,-0.88,196.30,AUTO,1,16.36,97.25,1,12,-50.7
2025-12-06T17:54:11.754114,37.6212741,-122.3897000,120.05,15.00,-0.05,-3.26,-0.78,196.23,AUTO,1,16.34,97.25,1,11,-50.5
2025-12-06T17:54:11.954114,37.6212665,-122.3897329,120.03,15.06,-0.03,-4.17,-0.94,196.15,AUTO,1,16.36,97.24,1,15,-50.6
2025-12-06T17:54:12.154114,37.6212591,-122.3897654,120.06,14.92,-0.00,-3.83,-1.03,196.03,AUTO,1,16.35,97.24,1,12,-50.5
2025-12-06T17:54:12.354114,37.6212518,-122.3897979,120.12,14.88,0.04,-3.13,-0.53,195.86,AUTO,1,16.33,97.24,1,13,-50.4
2025-12-06T17:54:12.554114,37.6212446,-122.3898304,120.11,14.90,-0.01,-3.65,-1.24,195.74,AUTO,1,16.34,97.23,1,15,-50.5
2025-12-06T17:54:12.754114,37.6212374,-122.3898630,120.13,14.94,0.07,-3.12,-1.29,195.55,AUTO,1,16.33,97.23,1,13,-50.4
2025-12-06T17:54:12.954114,37.6212302,-122.3898957,120.12,14.93,-0.01,-3.65,-0.66,195.42,AUTO,1,16.34,97.22,1,14,-50.6
2025-12-06T17:54:13.154114,37.6212232,-122.3899284,120.10,14.93,0.01,-3.77,-1.05,195.27,AUTO,1,16.34,97.22,1,13,-50.7
2025-12-06T17:54:13.354114,37.6212161,-122.3899611,120.12,14.97,-0.02,-3.52,-0.85,195.18,AUTO,1,16.35,97.22,1,15,-50.7
2025-12-06T17:54:13.554114,37.6212091,-122.3899940,120.12,15.01,-0.03,-3.28,-0.78,195.03,AUTO,1,16.32,97.21,1,14,-50.6
2025-12-06T17:54:13.754114,37.6212022,-122.3900268,120.10,14.97,0.04,-3.21,-0.87,194.85,AUTO,1,16.35,97.21,1,13,-50.6
2025-12-06T17:54:13.954114,37.6211954,-122.3900596,120.12,14.93,0.02,-3.96,-0.70,194.70,AUTO,1,16.34,97.20,1,13,-50.5
2025-12-06T17:54:14.154114,37.6211887,-122.3900924,120.13,14.94,-0.03,-3.83,-0.88,194.54,AUTO,1,16.32,97.20,1,13,-50.7
2025-12-06T17:54:14.354114,37.6211820,-122.3901252,120.14,14.95,-0.02,-3.46,-0.89,194.40,AUTO,1,16.33,97.20,1,12,-50.8
2025-12-06T17:54:14.554114,37.6211754,-122.3901580,120.12,14.92,-0.04,-3.55,-0.81,194.25,AUTO,1,16.32,97.19,1,14,-50.9
2025-12-06T17:54:14.754114,37.6211689,-122.3901909,120.11,14.92,-0.04,-3.54,-1.34,194.03,AUTO,1,16.33,97.19,1,11,-50.9
2025-12-06T17:54:14.954114,37.6211625,-122.3902238,120.16,14.97,-0.02,-3.33,-1.02,193.85,AUTO,1,16.32,97.18,1,13,-50.8
2025-12-06T17:54:15.154114,37.6211561,-122.3902568,120.16,14.97,-0.02,-3.39,-0.94,193.72,AUTO,1,16.34,97.18,0,4,-50.9
2025-12-06T17:54:15.354114,37.6211498,-122.3902899,120.13,14.99,-0.05,-3.73,-0.84,193.49,AUTO,1,16.34,97.18,0,5,-50.9
2025-12-06T17:54:15.554114,37.6211436,-122.3903229,120.13,14.96,-0.08,-3.04,-0.88,193.31,AUTO,1,16.32,97.17,1,13,-51.0
2025-12-06T17:54:15.754114,37.6211375,-122.3903561,120.13,15.00,-0.02,-3.18,-1.08,193.12,AUTO,1,16.33,97.17,1,13,-51.0
2025-12-06T17:54:15.954114,37.6211314,-122.3903894,120.12,15.07,-0.10,-2.94,-1.41,192.94,AUTO,1,16.34,97.16,1,11,-51.1
2025-12-06T17:54:16.154114,37.6211255,-122.3904227,120.11,15.03,0.03,-2.93,-1.38,192.68,AUTO,1,16.33,97.16,1,14,-51.1
2025-12-06T17:54:16.354114,37.6211197,-122.3904559,120.08,15.01,-0.11,-3.07,-0.79,192.44,AUTO,1,16.31,97.16,1,14,-51.3
2025-12-06T17:54:16.554114,37.6211140,-122.3904891,120.08,15.00,-0.02,-2.85,-1.29,192.26,AUTO,1,16.32,97.15,1,14,-51.3
2025-12-06T17:54:16.754114,37.6211084,-122.3905224,120.08,15.01,-0.06,-3.58,-1.20,192.04,AUTO,1,16.32,97.15,1,14,-51.3
2025-12-06T17:54:16.954114,37.6211029,-122.3905557,120.06,14.98,-0.03,-2.98,-1.12,191.79,AUTO,1,16.33,97.14,1,16,-51.2
2025-12-06T17:54:17.154114,37.6210974,-122.3905891,120.02,15.05,-0.08,-3.20,-1.19,191.59,AUTO,1,16.31,97.14,1,13,-51.2
2025-12-06T17:54:17.354114,37.6210921,-122.3906225,120.03,15.01,-0.02,-3.00,-1.05,191.50,AUTO,1,16.34,97.14,1,12,-51.1
2025-12-06T17:54:17.554114,37.6210868,-122.3906559,120.03,15.01,0.04,-2.72,-1.13,191.29,AUTO,1,16.33,97.13,1,14,-51.1
2025-12-06T17:54:17.754114,37.6210816,-122.3906892,120.06,14.97,0.05,-3.63,-1.09,191.05,AUTO,1,16.32,97.13,1,13,-51.1
2025-12-06T17:54:17.954114,37.6210765,-122.3907226,120.06,15.00,-0.05,-3.13,-1.29,190.91,AUTO,1,16.31,97.12,1,12,-51.0
2025-12-06T17:54:18.154114,37.6210715,-122.3907561,120.02,15.03,-0.06,-3.05,-1.23,190.79,AUTO,1,16.31,97.12,1,14,-50.9
2025-12-06T17:54:18.354114,37.6210665,-122.3907896,120.05,15.03,-0.03,-2.98,-1.13,190.72,AUTO,1,16.32,97.12,1,15,-50.9
2025-12-06T17:54:18.554114,37.6210615,-122.3908230,120.07,15.00,-0.04,-2.70,-1.28,190.52,AUTO,1,16.30,97.11,1,13,-51.0
2025-12-06T17:54:18.754114,37.6210567,-122.3908566,120.04,15.06,-0.06,-2.51,-0.87,190.30,AUTO,1,16.33,97.11,1,12,-51.2
2025-12-06T17:54:18.954114,37.6210519,-122.3908902,120.03,15.05,-0.11,-2.73,-1.53,190.18,AUTO,1,16.31,97.10,1,14,-51.2
2025-12-06T17:54:19.154114,37.6210472,-122.3909238,120.04,15.01,0.01,-3.03,-1.18,189.99,AUTO,1,16.32,97.10,1,12,-51.2
2025-12-06T17:54:19.354114,37.6210426,-122.3909573,120.06,15.00,0.01,-2.73,-0.98,189.82,AUTO,1,16.31,97.10,1,14,-51.1
2025-12-06T17:54:19.554114,37.6210381,-122.3909908,120.08,14.97,0.00,-2.71,-1.01,189.65,AUTO,1,16.32,97.09,1,13,-51.0
2025-12-06T17:54:19.754114,37.6210337,-122.3910243,120.05,14.99,-0.06,-2.74,-1.34,189.47,AUTO,1,16.31,97.09,1,14,-51.0
2025-12-06T17:54:19.954114,37.6210294,-122.3910579,120.07,15.00,0.02,-2.24,-1.41,189.27,AUTO,1,16.31,97.08,1,13,-50.9
2025-12-06T17:54:20.154114,37.6210251,-122.3910916,120.05,15.05,0.05,-2.54,-1.16,189.10,AUTO,1,16.32,97.08,1,14,-51.0
2025-12-06T17:54:20.354114,37.6210209,-122.3911256,120.05,15.19,0.06,-2.78,-1.29,188.88,AUTO,1,16.31,97.08,1,14,-51.0
2025-12-06T17:54:20.554114,37.6210167,-122.3911597,120.04,15.20,0.05,-2.96,-1.08,188.72,AUTO,1,16.30,97.07,1,13,-51.1
2025-12-06T17:54:20.754114,37.6210127,-122.3911934,120.03,15.04,-0.08,-2.58,-1.48,188.55,AUTO,1,16.31,97.07,1,11,-51.1
2025-12-06T17:54:20.954114,37.6210088,-122.3912272,120.01,15.03,-0.02,-2.18,-1.50,188.33,AUTO,1,16.32,97.06,1,14,-51.1
2025-12-06T17:54:21.154114,37.6210050,-122.3912610,119.99,15.04,-0.05,-2.79,-1.57,188.05,AUTO,1,16.30,97.06,1,13,-51.0
2025-12-06T17:54:21.354114,37.6210013,-122.3912948,119.93,15.05,-0.06,-2.37,-1.29,187.87,AUTO,1,16.31,97.06,1,12,-50.9
2025-12-06T17:54:21.554114,37.6209977,-122.3913286,119.93,15.04,0.00,-1.90,-1.19,187.73,AUTO,1,16.31,97.05,1,13,-51.0
2025-12-06T17:54:21.754114,37.6209941,-122.3913622,119.96,14.94,0.06,-2.13,-1.36,187.59,AUTO,1,16.29,97.05,1,14,-51.0
2025-12-06T17:54:21.954114,37.6209907,-122.3913959,119.96,14.97,-0.05,-2.50,-1.01,187.42,AUTO,1,16.30,97.04,1,13,-51.1
2025-12-06T17:54:22.154114,37.6209873,-122.3914295,119.99,14.96,0.05,-2.20,-1.41,187.26,AUTO,1,16.32,97.04,1,12,-51.2
2025-12-06T17:54:22.354114,37.6209840,-122.3914633,119.99,14.99,0.08,-1.94,-1.37,187.03,AUTO,1,16.32,97.04,1,13,-51.3
2025-12-06T17:54:22.554114,37.6209808,-122.3914972,119.98,15.08,0.04,-1.76,-1.45,186.71,AUTO,1,16.30,97.03,1,15,-51.3
2025-12-06T17:54:22.754114,37.6209777,-122.3915311,119.95,15.03,0.03,-2.53,-1.24,186.50,AUTO,1,16.30,97.03,1,13,-51.2
2025-12-06T17:54:22.954114,37.6209748,-122.3915649,119.98,14.98,0.02,-2.06,-1.12,186.31,AUTO,1,16.29,97.02,1,14,-51.1
2025-12-06T17:54:23.154114,37.6209720,-122.3915987,119.96,15.00,-0.02,-2.15,-1.82,186.01,AUTO,1,16.31,97.02,1,12,-51.0
2025-12-06T17:54:23.354114,37.6209693,-122.3916325,119.94,14.96,-0.00,-2.09,-1.36,185.68,AUTO,1,16.29,97.02,1,13,-50.9
2025-12-06T17:54:23.554114,37.6209667,-122.3916665,119.94,15.05,0.00,-1.82,-1.46,185.44,AUTO,1,16.30,97.01,1,14,-51.1
2025-12-06T17:54:23.754114,37.6209643,-122.3917004,119.95,15.02,0.06,-2.13,-1.25,185.15,AUTO,1,16.30,97.01,1,15,-51.1
2025-12-06T17:54:23.954114,37.6209620,-122.3917344,119.94,15.03,0.03,-1.45,-1.15,184.94,AUTO,1,16.29,97.00,1,15,-51.0
2025-12-06T17:54:24.154114,37.6209598,-122.3917682,119.94,14.95,-0.04,-1.87,-1.19,184.77,AUTO,1,16.31,97.00,1,13,-50.9
2025-12-06T17:54:24.354114,37.6209576,-122.3918021,119.96,15.01,0.10,-1.54,-1.35,184.58,AUTO,1,16.30,97.00,1,14,-51.0
2025-12-06T17:54:24.554114,37.6209556,-122.3918361,119.94,15.02,-0.08,-1.51,-0.85,184.35,AUTO,1,16.31,96.99,1,13,-50.8
2025-12-06T17:54:24.754114,37.6209536,-122.3918699,119.90,14.95,-0.01,-2.32,-1.63,184.12,AUTO,1,16.28,96.99,1,14,-50.7
2025-12-06T17:54:24.954114,37.6209518,-122.3919039,119.93,15.01,0.06,-1.69,-1.41,183.93,AUTO,1,16.30,96.98,1,12,-50.8
2025-12-06T17:54:25.154114,37.6209500,-122.3919379,119.92,15.05,0.05,-1.74,-1.50,183.76,AUTO,1,16.31,96.98,1,14,-50.7
2025-12-06T17:54:25.354114,37.6209484,-122.3919720,119.91,15.02,0.01,-2.17,-1.73,183.48,AUTO,1,16.29,96.98,1,14,-50.7
2025-12-06T17:54:25.554114,37.6209468,-122.3920061,119.90,15.07,-0.01,-1.72,-1.54,183.32,AUTO,1,16.31,96.97,1,13,-50.8
2025-12-06T17:54:25.754114,37.6209454,-122.3920401,119.93,15.03,0.05,-2.21,-1.69,183.05,AUTO,1,16.29,96.97,1,12,-50.7
2025-12-06T17:54:25.954114,37.6209441,-122.3920744,119.95,15.12,0.08,-1.81,-1.78,182.77,AUTO,1,16.28,96.96,1,14,-50.6
2025-12-06T17:54:26.154114,37.6209429,-122.3921086,119.97,15.10,-0.06,-1.48,-1.60,182.52,AUTO,1,16.30,96.96,1,13,-50.6
2025-12-06T17:54:26.354114,37.6209417,-122.3921427,119.97,15.02,-0.00,-1.84,-1.41,182.35,AUTO,1,16.28,96.96,1,14,-50.5
2025-12-06T17:54:26.554114,37.6209408,-122.3921768,119.95,15.05,0.02,-1.34,-1.45,182.11,AUTO,1,16.29,96.95,1,14,-50.4
2025-12-06T17:54:26.754114,37.6209399,-122.3922111,119.96,15.16,-0.00,-1.29,-1.76,181.89,AUTO,1,16.30,96.95,1,15,-50.7
2025-12-06T17:54:26.954114,37.6209391,-122.3922456,119.99,15.18,0.08,-1.30,-1.19,181.65,AUTO,1,16.29,96.94,1,13,-50.4
2025-12-06T17:54:27.154114,37.6209384,-122.3922798,119.98,15.12,0.02,-1.45,-1.60,181.47,AUTO,1,16.27,96.94,1,13,-50.4
2025-12-06T17:54:27.354114,37.6209378,-122.3923141,120.02,15.09,0.01,-0.96,-1.86,181.18,AUTO,1,16.28,96.94,1,14,-50.4
2025-12-06T17:54:27.554114,37.6209374,-122.3923483,120.04,15.10,0.01,-1.19,-1.04,180.92,AUTO,1,16.29,96.93,1,11,-50.4
2025-12-06T17:54:27.754114,37.6209370,-122.3923823,120.04,15.00,0.12,-1.27,-1.37,180.76,AUTO,1,16.28,96.93,1,14,-50.4
2025-12-06T17:54:27.954114,37.6209368,-122.3924162,120.04,14.93,-0.11,-1.73,-1.35,180.55,AUTO,1,16.27,96.92,1,14,-50.3
2025-12-06T17:54:28.154114,37.6209366,-122.3924500,120.09,14.91,0.03,-1.29,-1.39,180.29,AUTO,1,16.28,96.92,1,13,-50.4
2025-12-06T17:54:28.354114,37.6209366,-122.3924839,120.04,14.95,-0.06,-0.87,-1.25,180.08,AUTO,1,16.29,96.92,1,11,-50.4
2025-12-06T17:54:28.554114,37.6209367,-122.3925177,120.02,14.92,-0.06,-0.80,-1.32,179.78,AUTO,1,16.27,96.91,1,13,-50.5
2025-12-06T17:54:28.754114,37.6209369,-122.3925518,120.00,15.01,0.02,-1.02,-1.27,179.47,AUTO,1,16.27,96.91,1,13,-50.6
2025-12-06T17:54:28.954114,37.6209373,-122.3925858,119.98,14.99,0.08,-1.11,-1.46,179.25,AUTO,1,16.27,96.90,1,13,-50.7
2025-12-06T17:54:29.154114,37.6209378,-122.3926200,120.01,15.07,0.04,-1.13,-1.70,178.97,AUTO,1,16.28,96.90,1,14,-50.7
2025-12-06T17:54:29.354114,37.6209384,-122.3926541,119.99,15.05,-0.03,-0.92,-1.46,178.76,AUTO,1,16.29,96.90,1,14,-50.5
2025-12-06T17:54:29.554114,37.6209391,-122.3926884,119.98,15.12,-0.00,-1.11,-1.69,178.48,AUTO,1,16.29,96.89,1,13,-50.6
2025-12-06T17:54:29.754114,37.6209399,-122.3927225,119.97,15.03,-0.03,-1.52,-1.47,178.32,AUTO,1,16.26,96.89,1,17,-50.6
2025-12-06T17:54:29.954114,37.6209408,-122.3927566,119.95,15.06,-0.04,-0.66,-1.56,178.08,AUTO,1,16.26,96.88,1,11,-50.5
2025-12-06T17:54:30.154114,37.6209418,-122.3927906,119.94,14.99,-0.01,-0.76,-1.68,177.86,AUTO,1,16.27,96.88,1,14,-50.4
2025-12-06T17:54:30.354114,37.6209429,-122.3928245,119.94,14.96,-0.03,-1.18,-1.89,177.56,AUTO,1,16.27,96.88,1,11,-50.4
2025-12-06T17:54:30.554114,37.6209442,-122.3928585,119.94,15.04,-0.01,-0.49,-1.85,177.31,AUTO,1,16.28,96.87,1,14,-50.5
2025-12-06T17:54:30.754114,37.6209456,-122.3928925,119.95,14.99,0.05,-0.76,-1.62,177.10,AUTO,1,16.27,96.87,1,14,-50.6
2025-12-06T17:54:30.954114,37.6209471,-122.3929264,119.90,14.95,-0.01,-0.86,-1.79,176.79,AUTO,1,16.28,96.86,1,14,-50.6
2025-12-06T17:54:31.154114,37.6209487,-122.3929601,119.91,14.91,0.08,-1.14,-1.84,176.59,AUTO,1,16.27,96.86,1,14,-50.4
2025-12-06T17:54:31.354114,37.6209504,-122.3929940,119.92,14.96,0.01,-0.86,-1.95,176.38,AUTO,1,16.26,96.86,1,14,-50.2
2025-12-06T17:54:31.554114,37.6209522,-122.3930277,119.92,14.91,0.02,-0.61,-1.62,176.07,AUTO,1,16.27,96.85,1,12,-50.2
2025-12-06T17:54:31.754114,37.6209542,-122.3930615,119.94,14.92,-0.06,0.05,-1.50,175.80,AUTO,1,16.26,96.85,1,14,-50.2
2025-12-06T17:54:31.954114,37.6209562,-122.3930953,119.94,14.95,0.06,0.09,-1.71,175.60,AUTO,1,16.26,96.84,1,15,-50.4
2025-12-06T17:54:32.154114,37.6209584,-122.3931291,119.96,14.95,0.02,-0.25,-1.60,175.33,AUTO,1,16.26,96.84,1,12,-50.2
2025-12-06T17:54:32.354114,37.6209607,-122.3931628,119.98,14.91,0.02,-0.52,-1.49,175.06,AUTO,1,16.26,96.84,1,13,-50.2
2025-12-06T17:54:32.554114,37.6209632,-122.3931967,119.97,15.03,-0.01,-0.45,-1.75,174.77,AUTO,1,16.28,96.83,1,17,-50.1
2025-12-06T17:54:32.754114,37.6209657,-122.3932306,119.97,14.98,-0.04,-0.53,-1.56,174.54,AUTO,1,16.27,96.83,1,14,-50.0
2025-12-06T17:54:32.954114,37.6209684,-122.3932645,120.02,15.03,0.08,-0.32,-1.34,174.25,AUTO,1,16.27,96.82,1,15,-50.1
2025-12-06T17:54:33.154114,37.6209713,-122.3932984,120.04,15.02,-0.06,-0.46,-1.81,174.00,AUTO,1,16.28,96.82,1,13,-50.0
2025-12-06T17:54:33.354114,37.6209742,-122.3933321,120.04,14.98,0.05,0.51,-1.79,173.68,AUTO,1,16.29,96.82,1,12,-50.0
2025-12-06T17:54:33.554114,37.6209773,-122.3933660,120.01,15.05,0.01,0.43,-2.02,173.37,AUTO,1,16.26,96.81,1,15,-50.2
2025-12-06T17:54:33.754114,37.6209806,-122.3934002,119.99,15.15,-0.05,-0.08,-1.43,173.10,AUTO,1,16.26,96.81,1,14,-50.2
2025-12-06T17:54:33.954114,37.6209840,-122.3934342,119.99,15.11,-0.02,-0.34,-1.61,172.78,AUTO,1,16.26,96.80,1,13,-50.4
2025-12-06T17:54:34.154114,37.6209876,-122.3934680,119.96,15.07,-0.02,-0.05,-1.84,172.45,AUTO,1,16.26,96.80,1,15,-50.4
2025-12-06T17:54:34.354114,37.6209913,-122.3935019,119.95,15.07,0.08,0.73,-2.09,172.19,AUTO,1,16.26,96.80,1,13,-50.3
2025-12-06T17:54:34.554114,37.6209950,-122.3935357,119.96,15.03,0.01,0.03,-1.68,171.97,AUTO,1,16.25,96.79,1,15,-50.3
2025-12-06T17:54:34.754114,37.6209989,-122.3935693,119.98,14.97,0.07,0.39,-1.97,171.76,AUTO,1,16.27,96.79,1,12,-50.1
2025-12-06T17:54:34.954114,37.6210029,-122.3936028,119.97,14.97,0.04,-0.09,-1.46,171.50,AUTO,1,16.26,96.78,1,14,-50.1
2025-12-06T17:54:35.154114,37.6210070,-122.3936363,120.01,14.93,0.06,0.58,-1.58,171.24,AUTO,1,16.27,96.78,1,14,-50.1
2025-12-06T17:54:35.354114,37.6210112,-122.3936697,120.03,14.91,-0.00,0.52,-1.67,170.97,AUTO,1,16.24,96.78,1,13,-50.1
2025-12-06T17:54:35.554114,37.6210155,-122.3937031,120.06,14.95,0.10,0.01,-1.64,170.67,AUTO,1,16.25,96.77,1,12,-50.1
2025-12-06T17:54:35.754114,37.6210200,-122.3937366,120.06,14.98,-0.06,0.04,-1.56,170.36,AUTO,1,16.25,96.77,1,15,-49.9
2025-12-06T17:54:35.954114,37.6210247,-122.3937704,120.05,15.09,0.04,0.09,-1.59,170.03,AUTO,1,16.25,96.76,1,13,-49.9
2025-12-06T17:54:36.154114,37.6210295,-122.3938040,120.00,15.09,-0.02,1.16,-1.73,169.77,AUTO,1,16.25,96.76,1,13,-50.3
2025-12-06T17:54:36.354114,37.6210344,-122.3938375,120.05,15.00,-0.05,0.85,-2.34,169.51,AUTO,1,16.23,96.76,1,14,-50.3
2025-12-06T17:54:36.554114,37.6210395,-122.3938709,120.04,15.00,0.05,0.32,-1.72,169.20,AUTO,1,16.23,96.75,1,13,-50.1
2025-12-06T17:54:36.754114,37.6210446,-122.3939042,120.01,14.96,-0.04,0.62,-1.64,168.94,AUTO,1,16.26,96.75,1,12,-50.2
2025-12-06T17:54:36.954114,37.6210499,-122.3939375,119.99,14.95,-0.06,0.33,-1.63,168.64,AUTO,1,16.26,96.74,1,14,-50.2
2025-12-06T17:54:37.154114,37.6210554,-122.3939707,119.99,14.97,-0.06,1.04,-1.63,168.33,AUTO,1,16.26,96.74,1,13,-50.0
2025-12-06T17:54:37.354114,37.6210610,-122.3940041,120.00,15.03,-0.06,-0.08,-1.54,168.02,AUTO,1,16.25,96.74,1,12,-49.8
2025-12-06T17:54:37.554114,37.6210667,-122.3940375,120.02,15.07,0.01,0.55,-2.24,167.79,AUTO,1,16.25,96.73,1,14,-50.0
2025-12-06T17:54:37.754114,37.6210725,-122.3940707,119.99,15.02,-0.10,0.16,-2.00,167.48,AUTO,1,16.25,96.73,1,15,-50.0
2025-12-06T17:54:37.954114,37.6210785,-122.3941039,120.03,15.00,0.06,1.03,-1.45,167.32,AUTO,1,16.26,96.72,1,15,-50.0
2025-12-06T17:54:38.154114,37.6210845,-122.3941371,120.01,15.02,-0.01,1.00,-1.68,167.02,AUTO,1,16.25,96.72,0,5,-50.0
2025-12-06T17:54:38.354114,37.6210907,-122.3941702,120.03,14.96,0.05,0.41,-2.08,166.83,AUTO,1,16.25,96.72,1,12,-50.0
2025-12-06T17:54:38.554114,37.6210969,-122.3942032,120.01,14.97,-0.04,0.28,-1.71,166.48,AUTO,1,16.26,96.71,1,14,-50.2
2025-12-06T17:54:38.754114,37.6211034,-122.3942361,120.01,14.94,0.01,0.92,-1.93,166.16,AUTO,1,16.24,96.71,1,14,-50.4
2025-12-06T17:54:38.954114,37.6211099,-122.3942689,120.02,14.93,0.05,1.06,-2.10,165.84,AUTO,1,16.26,96.70,1,15,-50.4
2025-12-06T17:54:39.154114,37.6211167,-122.3943019,119.98,15.02,-0.09,1.27,-1.38,165.51,AUTO,1,16.22,96.70,1,13,-50.3
2025-12-06T17:54:39.354114,37.6211236,-122.3943349,119.99,15.05,0.02,1.11,-1.95,165.22,AUTO,1,16.27,96.70,1,13,-50.3
2025-12-06T17:54:39.554114,37.6211306,-122.3943678,119.98,15.03,-0.06,1.35,-2.01,164.88,AUTO,1,16.25,96.69,1,13,-50.3
2025-12-06T17:54:39.754114,37.6211378,-122.3944008,120.00,15.08,-0.03,1.02,-1.86,164.62,AUTO,1,16.23,96.69,1,14,-50.3
2025-12-06T17:54:39.954114,37.6211451,-122.3944338,120.00,15.09,-0.06,1.32,-1.76,164.31,AUTO,1,16.24,96.68,1,15,-50.2
2025-12-06T17:54:40.154114,37.6211527,-122.3944668,120.00,15.14,0.06,1.38,-1.96,163.95,AUTO,1,16.24,96.68,1,15,-50.2
2025-12-06T17:54:40.354114,37.6211603,-122.3944997,120.00,15.12,0.01,1.26,-1.71,163.62,AUTO,1,16.24,96.68,1,15,-50.1
2025-12-06T17:54:40.554114,37.6211681,-122.3945326,120.04,15.14,0.04,1.04,-1.85,163.32,AUTO,1,16.25,96.67,1,12,-50.3
2025-12-06T17:54:40.754114,37.6211761,-122.3945655,120.03,15.16,0.01,1.30,-2.03,162.94,AUTO,1,16.25,96.67,1,13,-50.3
2025-12-06T17:54:40.954114,37.6211842,-122.3945982,120.05,15.13,-0.00,1.35,-1.74,162.60,AUTO,1,16.24,96.66,1,12,-50.3
2025-12-06T17:54:41.154114,37.6211925,-122.3946309,120.01,15.13,-0.04,1.48,-2.22,162.34,AUTO,1,16.25,96.66,1,15,-50.4
2025-12-06T17:54:41.354114,37.6212009,-122.3946637,119.99,15.20,-0.10,1.18,-1.53,161.98,AUTO,1,16.25,96.66,1,12,-50.5
2025-12-06T17:54:41.554114,37.6212095,-122.3946964,119.99,15.17,-0.11,1.00,-1.73,161.75,AUTO,1,16.26,96.65,1,13,-50.6
2025-12-06T17:54:41.754114,37.6212181,-122.3947290,120.04,15.17,0.01,1.21,-1.97,161.50,AUTO,1,16.23,96.65,1,12,-50.6
2025-12-06T17:54:41.954114,37.6212269,-122.3947614,120.03,15.10,-0.05,1.30,-1.87,161.20,AUTO,1,16.22,96.64,1,15,-50.5
2025-12-06T17:54:42.154114,37.6212357,-122.3947938,120.02,15.11,-0.09,1.75,-1.53,160.97,AUTO,1,16.23,96.64,1,14,-50.6
2025-12-06T17:54:42.354114,37.6212447,-122.3948261,120.02,15.09,0.13,0.88,-1.68,160.71,AUTO,1,16.24,96.64,1,14,-50.8
2025-12-06T17:54:42.554114,37.6212538,-122.3948585,120.03,15.16,0.03,1.25,-1.72,160.43,AUTO,1,16.24,96.63,1,15,-50.8
2025-12-06T17:54:42.754114,37.6212631,-122.3948909,119.99,15.18,-0.05,1.33,-2.34,160.13,AUTO,1,16.23,96.63,1,11,-51.0
2025-12-06T17:54:42.954114,37.6212724,-122.3949231,119.99,15.09,-0.03,1.58,-1.64,159.91,AUTO,1,16.24,96.62,1,14,-51.0
2025-12-06T17:54:43.154114,37.6212817,-122.3949548,120.00,14.94,-0.02,1.71,-1.81,159.59,AUTO,1,16.23,96.62,1,13,-51.0
2025-12-06T17:54:43.354114,37.6212912,-122.3949863,119.95,14.82,0.07,1.19,-1.98,159.31,AUTO,1,16.23,96.62,1,15,-51.2
2025-12-06T17:54:43.554114,37.6213007,-122.3950177,119.93,14.84,-0.06,1.74,-2.02,159.01,AUTO,1,16.22,96.61,1,13,-51.3
2025-12-06T17:54:43.754114,37.6213104,-122.3950491,119.94,14.84,0.08,1.74,-2.04,158.73,AUTO,1,16.23,96.61,1,14,-51.2
2025-12-06T17:54:43.954114,37.6213203,-122.3950807,119.95,14.99,-0.00,2.32,-1.85,158.43,AUTO,1,16.23,96.60,1,15,-51.1
2025-12-06T17:54:44.154114,37.6213303,-122.3951122,119.96,14.96,0.01,1.58,-2.08,158.16,AUTO,1,16.23,96.60,1,13,-51.0
2025-12-06T17:54:44.354114,37.6213404,-122.3951436,119.92,14.96,0.02,1.98,-2.16,157.84,AUTO,1,16.22,96.60,1,13,-51.1
2025-12-06T17:54:44.554114,37.6213507,-122.3951751,119.92,14.99,0.04,1.92,-2.04,157.55,AUTO,1,16.22,96.59,1,15,-51.4
2025-12-06T17:54:44.754114,37.6213611,-122.3952064,119.94,14.95,0.13,1.53,-1.73,157.33,AUTO,1,16.25,96.59,1,15,-51.5
2025-12-06T17:54:44.954114,37.6213715,-122.3952375,119.98,14.92,0.07,1.58,-1.92,157.04,AUTO,1,16.22,96.58,1,13,-51.7
2025-12-06T17:54:45.154114,37.6213821,-122.3952686,119.95,14.89,0.02,2.49,-1.93,156.74,AUTO,1,16.24,96.58,1,14,-51.8
2025-12-06T17:54:45.354114,37.6213928,-122.3952997,119.93,14.98,-0.05,2.48,-2.26,156.50,AUTO,1,16.22,96.58,1,14,-51.9
2025-12-06T17:54:45.554114,37.6214037,-122.3953308,119.90,15.00,0.01,2.16,-2.23,156.16,AUTO,1,16.23,96.57,1,12,-51.8
2025-12-06T17:54:45.754114,37.6214148,-122.3953619,119.90,15.04,0.03,1.92,-1.75,155.83,AUTO,1,16.21,96.57,1,14,-51.8
2025-12-06T17:54:45.954114,37.6214259,-122.3953929,119.89,15.01,-0.02,2.55,-2.15,155.51,AUTO,1,16.24,96.56,1,14,-51.9
2025-12-06T17:54:46.154114,37.6214373,-122.3954239,119.92,15.02,0.11,2.30,-1.96,155.23,AUTO,1,16.21,96.56,1,14,-51.9
2025-12-06T17:54:46.354114,37.6214487,-122.3954547,119.92,15.03,-0.03,1.55,-1.89,154.93,AUTO,1,16.21,96.56,1,13,-51.7
2025-12-06T17:54:46.554114,37.6214603,-122.3954855,119.95,15.01,0.02,2.04,-1.69,154.62,AUTO,1,16.22,96.55,1,13,-51.8
2025-12-06T17:54:46.754114,37.6214719,-122.3955162,119.96,15.00,-0.02,1.87,-1.93,154.31,AUTO,1,16.21,96.55,1,13,-51.7
2025-12-06T17:54:46.954114,37.6214837,-122.3955467,119.91,14.99,-0.04,2.42,-2.06,154.02,AUTO,1,16.22,96.54,1,13,-51.7
2025-12-06T17:54:47.154114,37.6214957,-122.3955773,119.90,15.03,0.06,2.09,-1.81,153.65,AUTO,1,16.22,96.54,1,14,-51.8
2025-12-06T17:54:47.354114,37.6215078,-122.3956079,119.91,15.07,0.07,2.31,-1.99,153.44,AUTO,1,16.22,96.54,1,13,-51.8
2025-12-06T17:54:47.554114,37.6215200,-122.3956384,119.91,15.07,0.01,2.45,-2.03,153.19,AUTO,1,16.22,96.53,1,14,-51.8
2025-12-06T17:54:47.754114,37.6215323,-122.3956686,119.90,14.99,-0.02,2.22,-1.76,152.85,AUTO,1,16.21,96.53,1,15,-51.8
2025-12-06T17:54:47.954114,37.6215448,-122.3956990,119.90,15.07,0.03,2.72,-1.94,152.54,AUTO,1,16.21,96.52,1,14,-51.6
2025-12-06T17:54:48.154114,37.6215574,-122.3957291,119.92,15.03,0.01,2.72,-1.86,152.17,AUTO,1,16.22,96.52,1,14,-51.6
2025-12-06T17:54:48.354114,37.6215702,-122.3957593,119.95,15.08,0.08,3.19,-2.22,151.80,AUTO,1,16.22,96.52,1,13,-51.6
2025-12-06T17:54:48.554114,37.6215831,-122.3957892,119.97,15.02,-0.00,2.79,-1.88,151.55,AUTO,1,16.21,96.51,1,13,-51.5
2025-12-06T17:54:48.754114,37.6215961,-122.3958191,119.98,15.06,-0.06,2.25,-2.00,151.25,AUTO,1,16.22,96.51,1,14,-51.4
2025-12-06T17:54:48.954114,37.6216092,-122.3958489,119.98,15.01,0.03,2.62,-1.93,150.94,AUTO,1,16.21,96.50,1,14,-51.3
2025-12-06T17:54:49.154114,37.6216224,-122.3958786,119.97,15.02,0.08,3.29,-1.63,150.60,AUTO,1,16.23,96.50,1,16,-51.3
2025-12-06T17:54:49.354114,37.6216357,-122.3959081,120.01,14.99,0.04,2.82,-1.91,150.40,AUTO,1,16.21,96.50,1,13,-51.2
2025-12-06T17:54:49.554114,37.6216492,-122.3959377,120.00,15.06,0.00,3.25,-1.94,150.09,AUTO,1,16.21,96.49,1,16,-51.2
2025-12-06T17:54:49.754114,37.6216627,-122.3959671,120.00,14.97,0.14,2.18,-1.86,149.88,AUTO,1,16.20,96.49,1,13,-51.3
2025-12-06T17:54:49.954114,37.6216763,-122.3959963,120.00,14.93,-0.07,3.13,-2.07,149.54,AUTO,1,16.22,96.48,1,13,-51.2
2025-12-06T17:54:50.154114,37.6216900,-122.3960254,120.01,14.92,-0.04,3.01,-1.68,149.24,AUTO,1,16.20,96.48,1,13,-51.1
2025-12-06T17:54:50.354114,37.6217039,-122.3960545,120.00,14.98,-0.04,2.47,-1.83,148.89,AUTO,1,16.18,96.48,1,13,-50.9
2025-12-06T17:54:50.554114,37.6217180,-122.3960835,120.02,15.01,0.00,3.07,-1.94,148.53,AUTO,1,16.22,96.47,1,11,-50.8
2025-12-06T17:54:50.754114,37.6217322,-122.3961125,120.02,15.03,-0.06,2.74,-2.01,148.27,AUTO,1,16.21,96.47,1,14,-50.9
2025-12-06T17:54:50.954114,37.6217466,-122.3961415,120.05,15.09,-0.08,2.54,-1.80,147.99,AUTO,1,16.21,96.46,1,13,-51.1
2025-12-06T17:54:51.154114,37.6217610,-122.3961703,120.08,15.01,0.00,2.92,-2.30,147.74,AUTO,1,16.19,96.46,1,13,-51.0
2025-12-06T17:54:51.354114,37.6217755,-122.3961990,120.09,15.02,-0.00,3.34,-1.64,147.46,AUTO,1,16.21,96.46,1,14,-51.1
2025-12-06T17:54:51.554114,37.6217901,-122.3962277,120.09,15.06,0.02,3.31,-2.38,147.18,AUTO,1,16.20,96.45,1,10,-50.9
2025-12-06T17:54:51.754114,37.6218049,-122.3962563,120.05,15.01,0.01,3.13,-1.87,146.90,AUTO,1,16.22,96.45,1,15,-50.7
2025-12-06T17:54:51.954114,37.6218197,-122.3962847,120.00,15.04,-0.07,3.41,-1.73,146.63,AUTO,1,16.20,96.44,1,14,-50.6
2025-12-06T17:54:52.154114,37.6218347,-122.3963131,120.03,15.02,-0.05,2.69,-2.03,146.30,AUTO,1,16.20,96.44,1,14,-50.5
2025-12-06T17:54:52.354114,37.6218497,-122.3963413,120.01,14.97,-0.05,2.88,-1.87,146.15,AUTO,1,16.21,96.44,1,13,-50.7
2025-12-06T17:54:52.554114,37.6218647,-122.3963693,119.99,14.92,-0.02,3.38,-1.99,145.89,AUTO,1,16.21,96.43,1,11,-50.7
2025-12-06T17:54:52.754114,37.6218798,-122.3963971,119.98,14.85,-0.03,3.52,-2.17,145.58,AUTO,1,16.21,96.43,1,12,-50.7
2025-12-06T17:54:52.954114,37.6218951,-122.3964249,119.97,14.95,-0.01,3.61,-2.07,145.23,AUTO,1,16.19,96.42,1,13,-50.8
2025-12-06T17:54:53.154114,37.6219106,-122.3964528,119.99,15.00,-0.02,3.43,-2.20,144.93,AUTO,1,16.21,96.42,1,14,-50.7
2025-12-06T17:54:53.354114,37.6219262,-122.3964805,119.95,15.01,-0.06,3.41,-2.10,144.55,AUTO,1,16.20,96.42,1,14,-50.8
2025-12-06T17:54:53.554114,37.6219420,-122.3965083,119.95,15.06,-0.06,3.80,-2.02,144.26,AUTO,1,16.18,96.41,1,14,-50.7
2025-12-06T17:54:53.754114,37.6219580,-122.3965359,119.90,15.08,-0.01,3.72,-1.53,143.93,AUTO,1,16.18,96.41,1,14,-50.7
2025-12-06T17:54:53.954114,37.6219740,-122.3965634,119.88,15.04,0.05,3.34,-2.23,143.63,AUTO,1,16.21,96.40,1,13,-50.6
2025-12-06T17:54:54.154114,37.6219901,-122.3965907,119.94,15.00,0.03,3.37,-1.92,143.34,AUTO,1,16.21,96.40,1,13,-50.6
2025-12-06T17:54:54.354114,37.6220063,-122.3966179,119.95,15.02,0.00,3.61,-1.85,142.99,AUTO,1,16.20,96.40,1,14,-50.6
2025-12-06T17:54:54.554114,37.6220227,-122.3966451,119.95,15.05,0.01,4.12,-2.30,142.75,AUTO,1,16.18,96.39,1,13,-50.7
2025-12-06T17:54:54.754114,37.6220392,-122.3966721,120.01,15.05,0.00,3.39,-1.98,142.49,AUTO,1,16.18,96.39,1,13,-50.6
2025-12-06T17:54:54.954114,37.6220556,-122.3966989,120.00,14.95,-0.09,3.61,-2.01,142.21,AUTO,1,16.21,96.38,1,14,-50.6
2025-12-06T17:54:55.154114,37.6220722,-122.3967256,119.97,14.95,0.00,3.59,-2.23,141.90,AUTO,1,16.19,96.38,1,13,-50.6
2025-12-06T17:54:55.354114,37.6220889,-122.3967522,119.96,14.94,0.01,4.32,-1.98,141.68,AUTO,1,16.19,96.38,1,14,-50.5
2025-12-06T17:54:55.554114,37.6221056,-122.3967787,119.98,14.92,0.04,3.25,-1.96,141.37,AUTO,1,16.19,96.37,1,12,-50.3
2025-12-06T17:54:55.754114,37.6221226,-122.3968051,119.95,15.00,0.02,3.41,-1.73,141.01,AUTO,1,16.19,96.37,1,12,-50.3
2025-12-06T17:54:55.954114,37.6221397,-122.3968315,119.94,15.05,-0.01,3.93,-2.00,140.73,AUTO,1,16.18,96.36,1,13,-50.3
2025-12-06T17:54:56.154114,37.6221568,-122.3968579,119.96,15.05,0.01,3.30,-1.69,140.55,AUTO,1,16.19,96.36,1,13,-50.3
2025-12-06T17:54:56.354114,37.6221742,-122.3968842,119.96,15.10,0.03,4.53,-2.03,140.24,AUTO,1,16.18,96.36,1,15,-50.3
2025-12-06T17:54:56.554114,37.6221917,-122.3969104,119.94,15.10,-0.09,3.28,-2.50,139.85,AUTO,1,16.20,96.35,1,15,-50.5
2025-12-06T17:54:56.754114,37.6222093,-122.3969364,119.97,15.07,0.08,3.13,-1.90,139.47,AUTO,1,16.19,96.35,1,13,-50.5
2025-12-06T17:54:56.954114,37.6222270,-122.3969622,119.96,15.08,0.01,3.78,-1.89,139.14,AUTO,1,16.19,96.34,1,13,-50.6
2025-12-06T17:54:57.154114,37.6222450,-122.3969882,119.97,15.20,0.03,3.78,-1.51,138.90,AUTO,1,16.18,96.34,1,11,-50.6
2025-12-06T17:54:57.354114,37.6222629,-122.3970139,119.96,15.10,-0.06,3.39,-1.91,138.60,AUTO,1,16.18,96.34,1,13,-50.6
2025-12-06T17:54:57.554114,37.6222809,-122.3970395,119.97,15.08,0.05,3.76,-1.86,138.34,AUTO,1,16.17,96.33,1,12,-50.7
2025-12-06T17:54:57.754114,37.6222990,-122.3970648,119.96,15.03,0.04,3.73,-1.94,138.03,AUTO,1,16.19,96.33,1,15,-50.9
2025-12-06T17:54:57.954114,37.6223171,-122.3970900,119.97,14.98,-0.04,3.97,-2.26,137.74,AUTO,1,16.19,96.32,1,13,-51.0
2025-12-06T17:54:58.154114,37.6223352,-122.3971150,119.97,14.95,-0.03,3.83,-2.03,137.52,AUTO,1,16.21,96.32,1,14,-50.9
2025-12-06T17:54:58.354114,37.6223534,-122.3971398,119.97,14.91,0.02,3.70,-2.32,137.20,AUTO,1,16.18,96.32,1,14,-50.9
2025-12-06T17:54:58.554114,37.6223717,-122.3971645,119.99,14.92,-0.01,3.60,-2.10,136.93,AUTO,1,16.19,96.31,1,13,-50.9
2025-12-06T17:54:58.754114,37.6223902,-122.3971893,119.98,15.00,-0.09,3.59,-1.74,136.66,AUTO,1,16.18,96.31,1,11,-50.8
2025-12-06T17:54:58.954114,37.6224087,-122.3972139,119.97,14.94,0.05,4.21,-2.32,136.46,AUTO,1,16.18,96.30,1,14,-51.0
2025-12-06T17:54:59.154114,37.6224272,-122.3972381,119.97,14.82,0.05,4.04,-1.76,136.10,AUTO,1,16.17,96.30,0,6,-50.9
2025-12-06T17:54:59.354114,37.6224458,-122.3972623,120.01,14.89,0.05,4.78,-1.86,135.81,AUTO,1,16.18,96.30,1,13,-50.9
2025-12-06T17:54:59.554114,37.6224646,-122.3972865,119.98,14.93,-0.09,4.00,-2.10,135.57,AUTO,1,16.17,96.29,1,11,-50.9
2025-12-06T17:54:59.754114,37.6224834,-122.3973104,120.01,14.83,0.01,4.43,-1.76,135.23,AUTO,1,16.16,96.29,1,12,-51.0
2025-12-06T17:54:59.954114,37.6225023,-122.3973342,120.03,14.87,-0.06,4.17,-1.82,134.95,AUTO,1,16.17,96.28,1,12,-51.0
2025-12-06T17:55:00.154114,37.6225213,-122.3973579,120.03,14.89,-0.11,4.10,-1.89,134.65,AUTO,1,16.16,96.28,1,13,-50.9
2025-12-06T17:55:00.354114,37.6225405,-122.3973816,120.02,14.95,-0.01,4.38,-2.17,134.33,AUTO,1,16.17,96.28,1,13,-50.9
2025-12-06T17:55:00.554114,37.6225598,-122.3974052,120.02,14.97,-0.08,4.21,-1.89,134.05,AUTO,1,16.17,96.27,1,13,-50.9
2025-12-06T17:55:00.754114,37.6225793,-122.3974287,120.01,14.97,0.08,4.00,-1.57,133.72,AUTO,1,16.18,96.27,1,14,-51.0
2025-12-06T17:55:00.954114,37.6225988,-122.3974520,120.01,14.96,-0.01,3.81,-1.80,133.37,AUTO,1,16.16,96.26,1,16,-50.8
2025-12-06T17:55:01.154114,37.6226185,-122.3974752,119.98,14.99,-0.00,4.11,-1.85,133.06,AUTO,1,16.17,96.26,1,13,-50.8
2025-12-06T17:55:01.354114,37.6226383,-122.3974984,119.95,15.04,0.02,4.31,-2.07,132.74,AUTO,1,16.17,96.26,1,14,-50.9
2025-12-06T17:55:01.554114,37.6226582,-122.3975213,119.97,14.99,0.04,4.00,-2.11,132.49,AUTO,1,16.17,96.25,1,15,-50.9
2025-12-06T17:55:01.754114,37.6226782,-122.3975442,119.98,15.01,0.04,4.26,-2.04,132.20,AUTO,1,16.17,96.25,1,13,-50.8
2025-12-06T17:55:01.954114,37.6226983,-122.3975670,119.94,15.04,-0.07,4.79,-1.81,131.87,AUTO,1,16.15,96.24,1,14,-50.8
2025-12-06T17:55:02.154114,37.6227184,-122.3975895,119.94,14.94,0.11,4.64,-1.91,131.58,AUTO,1,16.16,96.24,1,12,-50.7
2025-12-06T17:55:02.354114,37.6227385,-122.3976118,119.97,14.91,0.02,4.32,-1.66,131.28,AUTO,1,16.18,96.24,1,14,-50.7
2025-12-06T17:55:02.554114,37.6227588,-122.3976340,119.93,14.98,-0.04,4.80,-1.89,130.96,AUTO,1,16.17,96.23,1,14,-50.7
2025-12-06T17:55:02.754114,37.6227794,-122.3976562,119.92,15.05,-0.02,5.06,-1.82,130.57,AUTO,1,16.17,96.23,1,12,-50.7
2025-12-06T17:55:02.954114,37.6227999,-122.3976782,119.95,14.99,0.00,4.63,-1.86,130.24,AUTO,1,16.17,96.22,1,13,-50.9
2025-12-06T17:55:03.154114,37.6228206,-122.3977001,119.93,15.00,-0.05,4.81,-1.79,129.97,AUTO,1,16.16,96.22,1,13,-50.9
2025-12-06T17:55:03.354114,37.6228414,-122.3977218,119.96,15.04,0.11,4.77,-1.77,129.56,AUTO,1,16.16,96.22,1,14,-50.8
2025-12-06T17:55:03.554114,37.6228623,-122.3977433,119.95,15.01,-0.02,4.69,-1.91,129.24,AUTO,1,16.16,96.21,1,13,-50.7
2025-12-06T17:55:03.754114,37.6228831,-122.3977646,119.97,14.93,-0.02,4.64,-1.92,128.99,AUTO,1,16.15,96.21,1,13,-51.0
2025-12-06T17:55:03.954114,37.6229041,-122.3977858,119.96,14.91,0.01,4.17,-2.14,128.70,AUTO,1,16.15,96.20,1,13,-51.0
2025-12-06T17:55:04.154114,37.6229251,-122.3978068,119.92,14.92,-0.05,4.75,-1.89,128.41,AUTO,1,16.16,96.20,1,13,-51.0
2025-12-06T17:55:04.354114,37.6229461,-122.3978277,119.94,14.91,0.00,4.30,-2.13,128.22,AUTO,1,16.16,96.20,1,13,-51.0
2025-12-06T17:55:04.554114,37.6229671,-122.3978485,119.90,14.84,0.01,4.68,-1.86,128.05,AUTO,1,16.16,96.19,1,15,-51.0
2025-12-06T17:55:04.754114,37.6229882,-122.3978691,119.87,14.83,-0.03,4.42,-2.08,127.76,AUTO,1,16.15,96.19,1,14,-51.1
2025-12-06T17:55:04.954114,37.6230093,-122.3978896,119.87,14.83,0.13,4.43,-2.13,127.56,AUTO,1,16.15,96.18,1,13,-51.2
2025-12-06T17:55:05.154114,37.6230304,-122.3979098,119.87,14.75,0.03,4.69,-1.80,127.21,AUTO,1,16.14,96.18,1,14,-51.3
2025-12-06T17:55:05.354114,37.6230516,-122.3979299,119.85,14.75,-0.02,4.97,-1.74,126.83,AUTO,1,16.17,96.18,1,14,-51.1
2025-12-06T17:55:05.554114,37.6230729,-122.3979498,119.82,14.76,0.10,4.72,-2.01,126.59,AUTO,1,16.15,96.17,1,15,-51.0
2025-12-06T17:55:05.754114,37.6230942,-122.3979697,119.82,14.75,0.07,4.77,-2.20,126.37,AUTO,1,16.14,96.17,1,12,-51.1
2025-12-06T17:55:05.954114,37.6231156,-122.3979894,119.83,14.74,0.05,4.20,-2.05,126.12,AUTO,1,16.15,96.16,1,15,-51.1
2025-12-06T17:55:06.154114,37.6231371,-122.3980090,119.84,14.78,-0.09,4.06,-1.84,125.79,AUTO,1,16.16,96.16,1,12,-51.2
2025-12-06T17:55:06.354114,37.6231588,-122.3980285,119.87,14.80,0.09,4.77,-1.76,125.56,AUTO,1,16.15,96.16,1,15,-51.1
2025-12-06T17:55:06.554114,37.6231805,-122.3980479,119.87,14.82,-0.05,4.55,-1.76,125.26,AUTO,1,16.14,96.15,1,13,-51.0
2025-12-06T17:55:06.754114,37.6232024,-122.3980672,119.85,14.83,-0.08,5.18,-2.20,125.00,AUTO,1,16.16,96.15,1,13,-51.0
2025-12-06T17:55:06.954114,37.6232244,-122.3980865,119.87,14.93,0.06,5.03,-2.02,124.78,AUTO,1,16.14,96.14,1,11,-50.9
2025-12-06T17:55:07.154114,37.6232465,-122.3981057,119.86,14.92,0.07,4.73,-1.68,124.52,AUTO,1,16.16,96.14,1,14,-51.1
2025-12-06T17:55:07.354114,37.6232688,-122.3981248,119.86,15.00,0.07,4.62,-1.93,124.17,AUTO,1,16.15,96.14,1,15,-51.1
2025-12-06T17:55:07.554114,37.6232911,-122.3981437,119.87,14.95,0.08,4.63,-1.79,123.88,AUTO,1,16.14,96.13,1,15,-51.1
2025-12-06T17:55:07.754114,37.6233135,-122.3981625,119.90,14.99,0.11,4.93,-1.71,123.50,AUTO,1,16.15,96.13,1,12,-51.1
2025-12-06T17:55:07.954114,37.6233359,-122.3981810,119.86,14.91,0.01,4.51,-1.96,123.23,AUTO,1,16.13,96.12,1,14,-51.0
2025-12-06T17:55:08.154114,37.6233584,-122.3981994,119.91,14.92,0.15,4.61,-2.17,122.94,AUTO,1,16.14,96.12,1,16,-50.8
2025-12-06T17:55:08.354114,37.6233811,-122.3982178,119.90,14.96,0.01,4.76,-1.54,122.68,AUTO,1,16.13,96.12,1,12,-50.9
2025-12-06T17:55:08.554114,37.6234037,-122.3982359,119.95,14.91,0.03,5.21,-1.87,122.43,AUTO,1,16.15,96.11,1,13,-50.8
2025-12-06T17:55:08.754114,37.6234264,-122.3982539,119.98,14.92,0.04,5.00,-1.61,122.09,AUTO,1,16.14,96.11,1,12,-50.9
2025-12-06T17:55:08.954114,37.6234492,-122.3982718,119.96,14.96,-0.03,4.81,-1.83,121.92,AUTO,1,16.15,96.10,1,13,-50.9
2025-12-06T17:55:09.154114,37.6234720,-122.3982895,119.95,14.91,0.02,4.98,-2.00,121.55,AUTO,1,16.13,96.10,1,14,-50.9
2025-12-06T17:55:09.354114,37.6234949,-122.3983071,119.96,14.93,-0.06,5.21,-2.19,121.23,AUTO,1,16.12,96.10,1,14,-51.0
2025-12-06T17:55:09.554114,37.6235179,-122.3983244,119.95,14.91,-0.06,5.18,-2.04,120.90,AUTO,1,16.14,96.09,1,12,-51.1
2025-12-06T17:55:09.754114,37.6235410,-122.3983417,119.95,14.92,0.02,4.99,-1.82,120.67,AUTO,1,16.14,96.09,1,15,-51.0
2025-12-06T17:55:09.954114,37.6235642,-122.3983589,119.98,15.00,0.08,4.61,-2.11,120.40,AUTO,1,16.13,96.08,1,11,-51.0
2025-12-06T17:55:10.154114,37.6235876,-122.3983761,119.95,15.04,-0.09,5.05,-2.00,120.13,AUTO,1,16.14,96.08,1,15,-50.9
2025-12-06T17:55:10.354114,37.6236110,-122.3983930,119.94,15.02,-0.07,5.15,-1.92,119.83,AUTO,1,16.15,96.08,1,13,-50.9
2025-12-06T17:55:10.554114,37.6236346,-122.3984099,119.95,15.07,-0.00,4.82,-1.91,119.58,AUTO,1,16.14,96.07,1,13,-50.9
2025-12-06T17:55:10.754114,37.6236583,-122.3984266,119.97,15.11,0.04,5.20,-1.82,119.25,AUTO,1,16.15,96.07,1,12,-51.0
2025-12-06T17:55:10.954114,37.6236821,-122.3984432,119.98,15.15,0.01,5.21,-1.88,118.95,AUTO,1,16.15,96.06,1,13,-51.1
2025-12-06T17:55:11.154114,37.6237058,-122.3984597,120.02,15.07,0.14,4.99,-1.68,118.71,AUTO,1,16.14,96.06,1,13,-51.2
2025-12-06T17:55:11.354114,37.6237297,-122.3984760,120.04,15.10,0.03,4.28,-1.54,118.41,AUTO,1,16.13,96.06,1,14,-51.2
2025-12-06T17:55:11.554114,37.6237535,-122.3984920,120.08,15.01,0.03,5.41,-2.30,118.16,AUTO,1,16.14,96.05,1,13,-51.3
2025-12-06T17:55:11.754114,37.6237772,-122.3985079,120.10,14.99,-0.00,5.17,-1.85,117.91,AUTO,1,16.13,96.05,1,14,-51.4
2025-12-06T17:55:11.954114,37.6238012,-122.3985238,120.08,15.06,-0.03,5.54,-1.96,117.57,AUTO,1,16.14,96.04,1,13,-51.4
2025-12-06T17:55:12.154114,37.6238253,-122.3985395,120.08,15.08,-0.03,4.24,-1.63,117.33,AUTO,1,16.11,96.04,1,14,-51.3
2025-12-06T17:55:12.354114,37.6238495,-122.3985551,120.08,15.11,0.00,5.46,-1.63,117.14,AUTO,1,16.16,96.04,1,15,-51.3
2025-12-06T17:55:12.554114,37.6238735,-122.3985705,120.09,15.02,0.01,4.66,-1.67,116.88,AUTO,1,16.14,96.03,1,14,-51.4
2025-12-06T17:55:12.754114,37.6238976,-122.3985857,120.08,14.97,-0.02,5.03,-1.93,116.60,AUTO,1,16.14,96.03,1,15,-51.3
2025-12-06T17:55:12.954114,37.6239217,-122.3986008,120.08,14.99,-0.03,4.75,-1.59,116.39,AUTO,1,16.13,96.02,1,12,-51.4
2025-12-06T17:55:13.154114,37.6239459,-122.3986159,120.04,15.03,-0.07,5.05,-2.08,116.21,AUTO,1,16.12,96.02,1,13,-51.4
2025-12-06T17:55:13.354114,37.6239702,-122.3986308,120.04,15.01,0.01,4.94,-1.73,115.96,AUTO,1,16.14,96.02,1,13,-51.4
2025-12-06T17:55:13.554114,37.6239943,-122.3986454,120.03,14.89,0.03,4.92,-1.97,115.69,AUTO,1,16.12,96.01,1,14,-51.5
2025-12-06T17:55:13.754114,37.6240185,-122.3986599,120.03,14.92,-0.02,4.81,-1.94,115.37,AUTO,1,16.14,96.01,1,13,-51.5
2025-12-06T17:55:13.954114,37.6240429,-122.3986744,120.04,15.03,-0.05,5.56,-1.80,115.13,AUTO,1,16.14,96.00,1,12,-51.5
2025-12-06T17:55:14.154114,37.6240673,-122.3986887,120.04,14.97,0.03,4.61,-1.52,114.91,AUTO,1,16.13,96.00,1,14,-51.4
2025-12-06T17:55:14.354114,37.6240919,-122.3987029,120.05,15.03,-0.01,4.96,-1.70,114.65,AUTO,1,16.13,96.00,1,15,-51.3
2025-12-06T17:55:14.554114,37.6241165,-122.3987170,120.04,15.05,-0.05,5.26,-1.39,114.44,AUTO,1,16.11,95.99,1,13,-51.2
2025-12-06T17:55:14.754114,37.6241411,-122.3987311,119.99,15.04,-0.07,5.12,-1.80,114.24,AUTO,1,16.12,95.99,1,15,-51.5
2025-12-06T17:55:14.954114,37.6241659,-122.3987450,120.02,15.11,0.06,5.06,-1.76,113.96,AUTO,1,16.14,95.98,1,15,-51.5
2025-12-06T17:55:15.154114,37.6241907,-122.3987587,119.98,15.05,-0.03,5.41,-1.64,113.76,AUTO,1,16.12,95.98,1,15,-51.4
2025-12-06T17:55:15.354114,37.6242155,-122.3987723,119.99,15.04,0.04,4.97,-1.62,113.41,AUTO,1,16.13,95.98,1,14,-51.3
2025-12-06T17:55:15.554114,37.6242403,-122.3987857,119.99,15.03,0.09,5.38,-1.90,113.20,AUTO,1,16.13,95.97,1,12,-51.3
2025-12-06T17:55:15.754114,37.6242651,-122.3987990,120.01,15.00,-0.03,5.06,-1.86,113.00,AUTO,1,16.13,95.97,1,15,-51.3
2025-12-06T17:55:15.954114,37.6242899,-122.3988121,120.02,14.94,0.04,5.01,-1.83,112.69,AUTO,1,16.12,95.96,1,15,-51.3
2025-12-06T17:55:16.154114,37.6243148,-122.3988250,120.05,14.98,-0.02,5.40,-1.85,112.37,AUTO,1,16.13,95.96,1,12,-51.4
2025-12-06T17:55:16.354114,37.6243396,-122.3988378,120.04,14.94,-0.04,4.65,-1.73,112.06,AUTO,1,16.12,95.96,1,15,-51.5
2025-12-06T17:55:16.554114,37.6243646,-122.3988504,120.02,14.98,-0.10,5.04,-1.49,111.85,AUTO,1,16.13,95.95,1,15,-51.7
2025-12-06T17:55:16.754114,37.6243897,-122.3988629,120.00,14.99,-0.02,4.96,-1.91,111.62,AUTO,1,16.12,95.95,1,14,-51.6
2025-12-06T17:55:16.954114,37.6244148,-122.3988753,119.98,15.03,-0.02,4.75,-1.60,111.37,AUTO,1,16.11,95.94,1,14,-51.7
2025-12-06T17:55:17.154114,37.6244401,-122.3988877,119.97,15.09,-0.04,4.66,-1.23,111.15,AUTO,1,16.13,95.94,1,14,-51.6
2025-12-06T17:55:17.354114,37.6244653,-122.3988998,120.01,15.05,0.13,4.70,-1.27,110.85,AUTO,1,16.12,95.94,1,13,-51.8
2025-12-06T17:55:17.554114,37.6244905,-122.3989118,120.02,14.99,0.04,5.06,-1.55,110.58,AUTO,1,16.12,95.93,1,14,-51.9
2025-12-06T17:55:17.754114,37.6245158,-122.3989236,119.98,14.98,-0.06,4.70,-1.46,110.31,AUTO,1,16.12,95.93,1,13,-52.1
2025-12-06T17:55:17.954114,37.6245410,-122.3989352,119.97,14.95,-0.02,4.79,-1.56,109.98,AUTO,1,16.10,95.92,1,16,-52.1
2025-12-06T17:55:18.154114,37.6245662,-122.3989466,119.98,14.86,-0.05,5.24,-1.63,109.73,AUTO,1,16.11,95.92,1,13,-51.8
2025-12-06T17:55:18.354114,37.6245908,-122.3989576,119.40,14.55,-3.04,5.40,-2.39,109.48,RTL,1,16.11,95.92,1,15,-51.9
2025-12-06T17:55:18.554114,37.6246150,-122.3989682,118.83,14.27,-3.00,4.99,-1.93,109.26,RTL,1,16.12,95.91,1,12,-51.9
2025-12-06T17:55:18.754114,37.6246388,-122.3989786,118.21,14.00,-3.06,4.79,-1.84,109.08,RTL,1,16.11,95.91,1,15,-51.9
2025-12-06T17:55:18.954114,37.6246622,-122.3989888,117.56,13.80,-3.02,5.66,-2.15,108.93,RTL,1,16.10,95.90,1,12,-52.0
2025-12-06T17:55:19.154114,37.6246852,-122.3989986,116.99,13.50,-2.96,4.44,-2.01,108.69,RTL,1,16.11,95.90,1,15,-52.1
2025-12-06T17:55:19.354114,37.6247079,-122.3990082,116.40,13.31,-2.99,4.26,-2.13,108.55,RTL,1,16.10,95.90,1,12,-52.1
2025-12-06T17:55:19.554114,37.6247303,-122.3990175,115.78,13.14,-2.97,4.86,-1.88,108.28,RTL,1,16.11,95.89,1,14,-52.3
2025-12-06T17:55:19.754114,37.6247524,-122.3990267,115.18,12.98,-3.00,5.10,-1.86,108.09,RTL,1,16.12,95.89,1,14,-52.1
2025-12-06T17:55:19.954114,37.6247744,-122.3990356,114.61,12.83,-3.01,5.63,-1.96,107.85,RTL,1,16.11,95.88,1,15,-52.0
2025-12-06T17:55:20.154114,37.6247962,-122.3990444,113.97,12.74,-3.00,4.63,-2.04,107.63,RTL,1,16.12,95.88,1,14,-51.9
2025-12-06T17:55:20.354114,37.6248179,-122.3990529,113.41,12.65,-3.03,4.75,-1.88,107.43,RTL,1,16.12,95.88,1,11,-52.0
2025-12-06T17:55:20.554114,37.6248395,-122.3990614,112.79,12.59,-2.98,5.09,-1.82,107.14,RTL,1,16.12,95.87,1,13,-51.9
2025-12-06T17:55:20.754114,37.6248609,-122.3990695,112.22,12.47,-3.07,4.58,-1.61,106.83,RTL,1,16.11,95.87,1,13,-51.7
2025-12-06T17:55:20.954114,37.6248821,-122.3990775,111.60,12.32,-3.07,4.96,-1.93,106.56,RTL,1,16.11,95.86,1,15,-51.7
2025-12-06T17:55:21.154114,37.6249035,-122.3990854,111.01,12.38,-2.98,5.09,-2.00,106.35,RTL,1,16.10,95.86,1,12,-51.8
2025-12-06T17:55:21.354114,37.6249247,-122.3990931,110.41,12.29,-3.04,5.05,-1.80,106.08,RTL,1,16.12,95.86,1,13,-52.0
2025-12-06T17:55:21.554114,37.6249458,-122.3991007,109.81,12.19,-3.00,4.82,-1.74,105.82,RTL,1,16.09,95.85,1,14,-52.0
2025-12-06T17:55:21.754114,37.6249667,-122.3991081,109.22,12.12,-2.95,4.91,-2.30,105.65,RTL,1,16.09,95.85,1,14,-52.2
2025-12-06T17:55:21.954114,37.6249877,-122.3991154,108.58,12.11,-3.09,4.60,-1.99,105.47,RTL,1,16.11,95.84,1,13,-52.3
2025-12-06T17:55:22.154114,37.6250086,-122.3991226,108.00,12.07,-3.05,5.00,-1.84,105.28,RTL,1,16.10,95.84,0,6,-52.2
2025-12-06T17:55:22.354114,37.6250297,-122.3991297,107.39,12.14,-3.00,4.57,-1.65,104.97,RTL,1,16.12,95.84,1,14,-52.2
2025-12-06T17:55:22.554114,37.6250507,-122.3991368,106.84,12.10,-2.90,4.81,-1.98,104.83,RTL,1,16.11,95.83,1,14,-52.1
2025-12-06T17:55:22.754114,37.6250719,-122.3991437,106.24,12.18,-2.95,4.40,-1.82,104.64,RTL,1,16.11,95.83,1,14,-52.2
2025-12-06T17:55:22.954114,37.6250931,-122.3991506,105.62,12.18,-2.96,4.70,-1.76,104.42,RTL,1,16.11,95.82,1,13,-52.3
2025-12-06T17:55:23.154114,37.6251143,-122.3991574,104.97,12.18,-2.94,4.25,-1.41,104.15,RTL,1,16.11,95.82,1,15,-52.2
2025-12-06T17:55:23.354114,37.6251355,-122.3991640,104.40,12.15,-3.04,4.68,-1.71,103.93,RTL,1,16.11,95.82,1,13,-52.1
2025-12-06T17:55:23.554114,37.6251567,-122.3991706,103.78,12.18,-2.97,4.97,-1.74,103.69,RTL,1,16.10,95.81,1,13,-52.0
2025-12-06T17:55:23.754114,37.6251779,-122.3991770,103.15,12.12,-2.96,4.45,-1.79,103.47,RTL,1,16.12,95.81,1,16,-51.9
2025-12-06T17:55:23.954114,37.6251990,-122.3991832,102.55,12.08,-3.07,4.42,-1.46,103.28,RTL,1,16.09,95.80,1,13,-51.8
2025-12-06T17:55:24.154114,37.6252201,-122.3991895,101.94,12.06,-3.00,4.51,-1.79,103.11,RTL,1,16.10,95.80,1,13,-51.9
2025-12-06T17:55:24.354114,37.6252413,-122.3991956,101.35,12.09,-2.99,4.75,-1.52,102.86,RTL,1,16.09,95.80,1,11,-52.0
2025-12-06T17:55:24.554114,37.6252625,-122.3992015,100.76,12.08,-2.90,4.69,-1.71,102.60,RTL,1,16.08,95.79,1,15,-51.9
2025-12-06T17:55:24.754114,37.6252835,-122.3992074,100.13,12.00,-2.99,4.20,-1.70,102.46,RTL,1,16.10,95.79,1,15,-51.8
2025-12-06T17:55:24.954114,37.6253044,-122.3992131,99.56,11.91,-3.02,4.90,-1.38,102.25,RTL,1,16.12,95.78,1,15,-51.6
2025-12-06T17:55:25.154114,37.6253253,-122.3992187,99.01,11.86,-3.01,4.49,-1.65,102.02,RTL,1,16.09,95.78,1,14,-51.6
2025-12-06T17:55:25.354114,37.6253461,-122.3992243,98.38,11.84,-3.07,4.47,-1.61,101.84,RTL,1,16.09,95.78,1,10,-51.6
2025-12-06T17:55:25.554114,37.6253670,-122.3992297,97.73,11.85,-3.11,4.42,-1.85,101.66,RTL,1,16.09,95.77,1,14,-51.7
2025-12-06T17:55:25.754114,37.6253879,-122.3992350,97.15,11.88,-3.03,4.62,-1.74,101.43,RTL,1,16.08,95.77,1,14,-52.0
2025-12-06T17:55:25.954114,37.6254087,-122.3992402,96.53,11.81,-3.05,4.70,-2.10,101.18,RTL,1,16.08,95.76,1,12,-52.1
2025-12-06T17:55:26.154114,37.6254296,-122.3992454,95.91,11.83,-2.97,4.46,-1.89,101.06,RTL,1,16.08,95.76,1,13,-52.3
2025-12-06T17:55:26.354114,37.6254503,-122.3992504,95.31,11.74,-2.91,4.34,-1.66,100.85,RTL,1,16.09,95.76,1,16,-52.4
2025-12-06T17:55:26.554114,37.6254710,-122.3992553,94.69,11.74,-3.03,4.91,-1.80,100.67,RTL,1,16.09,95.75,1,12,-52.5
2025-12-06T17:55:26.754114,37.6254918,-122.3992601,94.08,11.74,-3.03,4.61,-1.45,100.44,RTL,1,16.08,95.75,1,12,-52.6
2025-12-06T17:55:26.954114,37.6255126,-122.3992649,93.52,11.78,-2.92,4.50,-1.69,100.27,RTL,1,16.10,95.74,1,14,-52.8
2025-12-06T17:55:27.154114,37.6255336,-122.3992696,92.93,11.87,-2.96,4.72,-1.48,100.03,RTL,1,16.09,95.74,1,15,-52.7
2025-12-06T17:55:27.354114,37.6255547,-122.3992743,92.33,11.94,-2.99,4.08,-1.65,99.90,RTL,1,16.09,95.74,1,11,-52.7
2025-12-06T17:55:27.554114,37.6255758,-122.3992788,91.71,11.89,-3.03,4.47,-1.65,99.71,RTL,1,16.08,95.73,1,13,-52.6
2025-12-06T17:55:27.754114,37.6255969,-122.3992832,91.14,11.90,-2.97,4.66,-1.77,99.48,RTL,1,16.08,95.73,1,15,-52.6
2025-12-06T17:55:27.954114,37.6256179,-122.3992876,90.53,11.84,-2.94,3.52,-1.44,99.23,RTL,1,16.08,95.72,1,15,-52.5
2025-12-06T17:55:28.154114,37.6256389,-122.3992918,89.95,11.84,-3.05,4.62,-1.56,99.01,RTL,1,16.05,95.72,1,14,-52.6
2025-12-06T17:55:28.354114,37.6256603,-122.3992959,89.34,12.07,-2.98,4.24,-1.26,98.78,RTL,1,16.07,95.72,1,14,-52.5
2025-12-06T17:55:28.554114,37.6256817,-122.3993000,88.75,12.04,-2.95,4.05,-1.57,98.55,RTL,1,16.09,95.71,1,9,-52.4
2025-12-06T17:55:28.754114,37.6257031,-122.3993040,88.13,12.06,-3.05,3.79,-1.61,98.29,RTL,1,16.09,95.71,1,13,-52.3
2025-12-06T17:55:28.954114,37.6257246,-122.3993078,87.52,12.08,-2.99,3.94,-1.29,98.08,RTL,1,16.07,95.70,1,13,-52.5
2025-12-06T17:55:29.154114,37.6257461,-122.3993116,86.95,12.09,-2.99,3.84,-1.44,97.90,RTL,1,16.07,95.70,1,15,-52.5
2025-12-06T17:55:29.354114,37.6257676,-122.3993152,86.35,12.06,-2.99,4.45,-1.45,97.72,RTL,1,16.08,95.70,1,13,-52.5
2025-12-06T17:55:29.554114,37.6257893,-122.3993189,85.77,12.17,-3.02,3.65,-1.69,97.53,RTL,1,16.08,95.69,1,12,-52.6
2025-12-06T17:55:29.754114,37.6258109,-122.3993224,85.14,12.13,-3.00,3.92,-1.75,97.33,RTL,1,16.08,95.69,1,13,-52.5
2025-12-06T17:55:29.954114,37.6258326,-122.3993258,84.52,12.15,-3.03,4.19,-1.65,97.17,RTL,1,16.08,95.68,1,14,-52.5
2025-12-06T17:55:30.154114,37.6258543,-122.3993292,83.93,12.18,-2.94,3.86,-1.49,97.02,RTL,1,16.06,95.68,1,14,-52.5
2025-12-06T17:55:30.354114,37.6258760,-122.3993325,83.34,12.17,-2.97,4.02,-1.46,96.83,RTL,1,16.07,95.68,1,15,-52.3
2025-12-06T17:55:30.554114,37.6258978,-122.3993357,82.72,12.24,-3.00,3.69,-1.74,96.61,RTL,1,16.06,95.67,1,11,-52.4
2025-12-06T17:55:30.754114,37.6259196,-122.3993388,82.13,12.19,-3.02,3.79,-1.55,96.49,RTL,1,16.05,95.67,1,14,-52.4
2025-12-06T17:55:30.954114,37.6259412,-122.3993418,81.53,12.12,-2.98,4.29,-1.85,96.31,RTL,1,16.09,95.66,1,14,-52.3
2025-12-06T17:55:31.154114,37.6259630,-122.3993448,80.97,12.22,-2.95,3.98,-1.13,96.16,RTL,1,16.07,95.66,1,12,-52.4
2025-12-06T17:55:31.354114,37.6259846,-122.3993476,80.34,12.07,-3.05,3.90,-1.32,95.91,RTL,1,16.08,95.66,1,15,-52.6
2025-12-06T17:55:31.554114,37.6260061,-122.3993504,79.74,12.03,-3.07,3.58,-1.28,95.87,RTL,1,16.07,95.65,1,11,-52.5
2025-12-06T17:55:31.754114,37.6260277,-122.3993531,79.14,12.08,-3.03,3.84,-0.96,95.72,RTL,1,16.08,95.65,1,15,-52.4
2025-12-06T17:55:31.954114,37.6260493,-122.3993558,78.56,12.05,-2.96,3.61,-1.54,95.60,RTL,1,16.08,95.64,1,13,-52.3
2025-12-06T17:55:32.154114,37.6260708,-122.3993584,77.99,12.05,-3.00,3.87,-1.25,95.41,RTL,1,16.07,95.64,1,15,-52.3
2025-12-06T17:55:32.354114,37.6260927,-122.3993609,77.39,12.22,-3.01,3.74,-0.95,95.23,RTL,1,16.06,95.64,1,13,-52.3
2025-12-06T17:55:32.554114,37.6261145,-122.3993634,76.79,12.21,-2.89,3.87,-1.51,95.10,RTL,1,16.06,95.63,1,13,-52.5
2025-12-06T17:55:32.754114,37.6261363,-122.3993658,76.14,12.20,-3.16,3.70,-1.22,94.98,RTL,1,16.07,95.63,1,13,-52.4
2025-12-06T17:55:32.954114,37.6261581,-122.3993681,75.51,12.13,-3.10,3.98,-1.23,94.80,RTL,1,16.07,95.62,1,13,-52.4
2025-12-06T17:55:33.154114,37.6261798,-122.3993703,74.90,12.12,-2.97,3.64,-1.47,94.66,RTL,1,16.04,95.62,1,14,-52.4
2025-12-06T17:55:33.354114,37.6262016,-122.3993725,74.27,12.18,-3.02,3.29,-1.16,94.50,RTL,1,16.08,95.62,1,16,-52.4
2025-12-06T17:55:33.554114,37.6262233,-122.3993746,73.68,12.15,-2.95,3.40,-0.88,94.41,RTL,1,16.06,95.61,1,14,-52.3
2025-12-06T17:55:33.754114,37.6262450,-122.3993766,73.07,12.08,-3.03,3.74,-1.34,94.26,RTL,1,16.06,95.61,1,14,-52.2
2025-12-06T17:55:33.954114,37.6262666,-122.3993786,72.45,12.08,-3.03,3.30,-1.38,94.10,RTL,1,16.06,95.60,1,14,-52.0
2025-12-06T17:55:34.154114,37.6262882,-122.3993805,71.86,12.05,-2.98,3.67,-1.01,93.98,RTL,1,16.05,95.60,1,14,-51.8
2025-12-06T17:55:34.354114,37.6263098,-122.3993823,71.28,12.06,-2.95,3.15,-1.73,93.77,RTL,1,16.06,95.60,1,12,-52.0
2025-12-06T17:55:34.554114,37.6263314,-122.3993840,70.68,12.04,-2.98,3.74,-1.13,93.65,RTL,1,16.05,95.59,1,14,-52.0
2025-12-06T17:55:34.754114,37.6263530,-122.3993857,70.10,12.03,-2.94,3.42,-1.41,93.59,RTL,1,16.07,95.59,1,14,-51.8
2025-12-06T17:55:34.954114,37.6263748,-122.3993874,69.54,12.14,-3.02,2.95,-1.05,93.42,RTL,1,16.05,95.58,1,15,-51.9
2025-12-06T17:55:35.154114,37.6263965,-122.3993889,68.92,12.10,-2.98,3.39,-1.06,93.24,RTL,1,16.05,95.58,1,14,-51.9
2025-12-06T17:55:35.354114,37.6264182,-122.3993904,68.32,12.09,-3.04,3.36,-1.17,93.13,RTL,1,16.08,95.58,1,14,-51.9
2025-12-06T17:55:35.554114,37.6264397,-122.3993918,67.73,12.02,-3.10,3.57,-1.26,92.91,RTL,1,16.05,95.57,1,12,-51.9
2025-12-06T17:55:35.754114,37.6264613,-122.3993932,67.09,12.02,-2.96,3.34,-1.37,92.90,RTL,1,16.05,95.57,1,14,-51.9
2025-12-06T17:55:35.954114,37.6264828,-122.3993945,66.52,11.96,-2.95,3.23,-0.92,92.75,RTL,1,16.06,95.56,1,13,-51.9
2025-12-06T17:55:36.154114,37.6265043,-122.3993957,65.90,11.98,-2.95,2.79,-1.24,92.66,RTL,1,16.06,95.56,1,10,-51.8
2025-12-06T17:55:36.354114,37.6265260,-122.3993969,65.28,12.12,-3.02,3.37,-1.05,92.50,RTL,1,16.05,95.56,1,14,-51.9
2025-12-06T17:55:36.554114,37.6265477,-122.3993981,64.66,12.10,-3.13,3.21,-1.39,92.37,RTL,1,16.04,95.55,1,11,-51.8
2025-12-06T17:55:36.754114,37.6265695,-122.3993991,64.05,12.15,-3.05,2.38,-1.31,92.18,RTL,1,16.06,95.55,1,12,-51.9
2025-12-06T17:55:36.954114,37.6265913,-122.3994001,63.43,12.10,-3.02,3.47,-1.17,92.07,RTL,1,16.05,95.54,1,12,-51.8
2025-12-06T17:55:37.154114,37.6266129,-122.3994010,62.84,12.07,-2.95,3.20,-1.06,91.94,RTL,1,16.05,95.54,1,13,-51.8
2025-12-06T17:55:37.354114,37.6266348,-122.3994019,62.27,12.16,-3.01,3.27,-0.92,91.85,RTL,1,16.06,95.54,1,12,-51.8
2025-12-06T17:55:37.554114,37.6266566,-122.3994028,61.65,12.13,-2.97,3.26,-1.69,91.73,RTL,1,16.05,95.53,1,13,-51.7
2025-12-06T17:55:37.754114,37.6266783,-122.3994035,61.06,12.08,-3.00,3.28,-0.93,91.54,RTL,1,16.05,95.53,1,13,-51.9
2025-12-06T17:55:37.954114,37.6266999,-122.3994042,60.46,12.02,-2.94,3.14,-1.04,91.47,RTL,1,16.04,95.52,1,13,-51.9
2025-12-06T17:55:38.154114,37.6267217,-122.3994049,59.91,12.17,-2.93,2.66,-1.17,91.40,RTL,1,16.06,95.52,1,17,-51.9
2025-12-06T17:55:38.354114,37.6267434,-122.3994055,59.33,12.08,-3.06,3.25,-0.93,91.24,RTL,1,16.03,95.52,1,11,-51.9
2025-12-06T17:55:38.554114,37.6267650,-122.3994060,58.75,12.01,-2.98,3.13,-1.16,91.07,RTL,1,16.06,95.51,1,14,-51.9
2025-12-06T17:55:38.754114,37.6267866,-122.3994064,58.17,12.01,-2.95,2.49,-1.06,90.86,RTL,1,16.05,95.51,1,15,-51.9
2025-12-06T17:55:38.954114,37.6268081,-122.3994067,57.61,11.98,-2.91,3.02,-1.35,90.66,RTL,1,16.05,95.50,1,13,-51.8
2025-12-06T17:55:39.154114,37.6268297,-122.3994070,57.00,12.04,-3.05,2.64,-1.00,90.62,RTL,1,16.06,95.50,1,13,-51.9
2025-12-06T17:55:39.354114,37.6268513,-122.3994072,56.40,12.02,-3.03,2.38,-0.78,90.51,RTL,1,16.05,95.50,1,13,-52.0
2025-12-06T17:55:39.554114,37.6268729,-122.3994075,55.80,12.04,-2.96,2.32,-0.88,90.51,RTL,1,16.05,95.49,1,14,-51.9
2025-12-06T17:55:39.754114,37.6268946,-122.3994076,55.18,12.08,-3.04,3.02,-1.01,90.36,RTL,1,16.04,95.49,1,13,-51.8
2025-12-06T17:55:39.954114,37.6269163,-122.3994078,54.55,12.06,-3.01,2.37,-1.21,90.25,RTL,1,16.04,95.48,1,12,-51.8
2025-12-06T17:55:40.154114,37.6269379,-122.3994078,53.96,12.06,-2.97,2.74,-1.15,90.15,RTL,1,16.05,95.48,1,13,-51.7
2025-12-06T17:55:40.354114,37.6269596,-122.3994079,53.39,12.03,-2.90,2.37,-0.84,90.03,RTL,1,16.04,95.48,1,15,-51.8
2025-12-06T17:55:40.554114,37.6269811,-122.3994078,52.79,12.02,-3.00,2.34,-0.90,89.91,RTL,1,16.04,95.47,1,13,-51.8
2025-12-06T17:55:40.754114,37.6270027,-122.3994077,52.22,12.01,-2.88,2.46,-1.20,89.86,RTL,1,16.04,95.47,1,15,-51.8
2025-12-06T17:55:40.954114,37.6270243,-122.3994077,51.62,11.99,-3.02,2.50,-0.84,89.81,RTL,1,16.03,95.46,1,14,-51.9
2025-12-06T17:55:41.154114,37.6270458,-122.3994075,51.01,11.99,-3.06,2.71,-0.78,89.64,RTL,1,16.03,95.46,1,14,-51.8
2025-12-06T17:55:41.354114,37.6270675,-122.3994073,50.42,12.08,-2.97,2.83,-0.91,89.61,RTL,1,16.03,95.46,1,15,-51.7
2025-12-06T17:55:41.554114,37.6270893,-122.3994070,49.78,12.15,-3.06,1.81,-0.57,89.42,RTL,1,16.04,95.45,1,12,-51.8
2025-12-06T17:55:41.754114,37.6271112,-122.3994067,49.21,12.17,-2.96,2.19,-1.18,89.31,RTL,1,16.04,95.45,1,14,-51.6
2025-12-06T17:55:41.954114,37.6271331,-122.3994063,48.62,12.17,-2.98,2.31,-1.14,89.23,RTL,1,16.03,95.44,1,14,-51.6
2025-12-06T17:55:42.154114,37.6271548,-122.3994059,48.01,12.10,-2.98,2.19,-0.79,89.13,RTL,1,16.03,95.44,1,14,-51.6
2025-12-06T17:55:42.354114,37.6271767,-122.3994054,47.42,12.18,-2.98,1.97,-0.83,88.99,RTL,1,16.02,95.44,1,14,-51.5
2025-12-06T17:55:42.554114,37.6271984,-122.3994049,46.81,12.11,-3.00,2.03,-0.68,88.87,RTL,1,16.03,95.43,1,13,-51.5
2025-12-06T17:55:42.754114,37.6272200,-122.3994043,46.22,11.99,-2.92,1.79,-1.12,88.76,RTL,1,16.04,95.43,1,13,-51.3
2025-12-06T17:55:42.954114,37.6272415,-122.3994036,45.60,11.97,-2.99,1.88,-1.18,88.64,RTL,1,16.01,95.42,0,5,-51.2
2025-12-06T17:55:43.154114,37.6272630,-122.3994030,44.99,12.00,-2.96,2.11,-0.92,88.57,RTL,1,16.05,95.42,1,16,-51.1
2025-12-06T17:55:43.354114,37.6272846,-122.3994023,44.35,12.03,-3.01,1.81,-0.97,88.52,RTL,1,16.00,95.42,1,14,-51.2
2025-12-06T17:55:43.554114,37.6273062,-122.3994015,43.75,12.02,-3.04,2.22,-0.74,88.45,RTL,1,16.05,95.41,1,15,-51.3
2025-12-06T17:55:43.754114,37.6273277,-122.3994008,43.16,11.97,-3.08,1.96,-0.56,88.41,RTL,1,16.03,95.41,1,12,-51.1
2025-12-06T17:55:43.954114,37.6273492,-122.3994000,42.56,11.98,-3.01,1.90,-0.91,88.35,RTL,1,16.03,95.40,1,13,-51.2
2025-12-06T17:55:44.154114,37.6273707,-122.3993992,41.95,11.96,-3.08,1.66,-0.68,88.32,RTL,1,16.03,95.40,1,13,-51.3
2025-12-06T17:55:44.354114,37.6273920,-122.3993984,41.35,11.86,-3.02,1.93,-0.55,88.23,RTL,1,16.02,95.40,1,13,-51.4
2025-12-06T17:55:44.554114,37.6274134,-122.3993975,40.79,11.94,-2.89,1.89,-0.53,88.11,RTL,1,16.03,95.39,1,15,-51.5
2025-12-06T17:55:44.754114,37.6274349,-122.3993965,40.19,11.96,-2.99,2.05,-0.62,88.00,RTL,1,16.03,95.39,1,12,-51.4
2025-12-06T17:55:44.954114,37.6274565,-122.3993955,39.60,12.04,-3.00,1.72,-0.65,87.97,RTL,1,16.01,95.38,1,12,-51.2
2025-12-06T17:55:45.154114,37.6274781,-122.3993945,38.96,11.99,-3.04,1.52,-1.12,87.89,RTL,1,16.00,95.38,1,15,-51.3
2025-12-06T17:55:45.354114,37.6274995,-122.3993935,38.36,11.97,-2.97,1.48,-0.81,87.76,RTL,1,16.03,95.38,1,12,-51.1
2025-12-06T17:55:45.554114,37.6275211,-122.3993924,37.76,12.01,-3.01,1.35,-0.89,87.68,RTL,1,16.02,95.37,1,11,-51.4
2025-12-06T17:55:45.754114,37.6275426,-122.3993913,37.18,12.00,-2.94,1.47,-0.57,87.66,RTL,1,16.02,95.37,1,14,-51.3
2025-12-06T17:55:45.954114,37.6275642,-122.3993901,36.60,12.00,-3.00,1.60,-0.31,87.48,RTL,1,16.02,95.36,1,13,-51.5
2025-12-06T17:55:46.154114,37.6275858,-122.3993889,36.00,12.07,-2.92,1.72,-0.86,87.49,RTL,1,16.00,95.36,1,14,-51.5
2025-12-06T17:55:46.354114,37.6276076,-122.3993877,35.40,12.12,-2.99,1.54,-0.75,87.47,RTL,1,16.02,95.36,1,12,-51.6
2025-12-06T17:55:46.554114,37.6276293,-122.3993864,34.77,12.11,-3.01,1.74,-0.92,87.43,RTL,1,16.02,95.35,1,13,-51.7
2025-12-06T17:55:46.754114,37.6276509,-122.3993852,34.12,12.02,-3.07,1.43,-0.64,87.35,RTL,1,16.03,95.35,1,12,-51.7
2025-12-06T17:55:46.954114,37.6276723,-122.3993838,33.53,11.96,-3.03,1.12,-0.61,87.20,RTL,1,16.03,95.34,1,14,-51.6
2025-12-06T17:55:47.154114,37.6276938,-122.3993825,32.89,11.97,-2.96,0.71,-0.73,87.13,RTL,1,16.01,95.34,1,11,-51.7
2025-12-06T17:55:47.354114,37.6277153,-122.3993811,32.29,11.95,-2.97,1.68,-0.62,87.15,RTL,1,16.04,95.34,0,5,-51.7
2025-12-06T17:55:47.554114,37.6277366,-122.3993798,31.69,11.91,-3.00,1.23,-0.64,87.13,RTL,1,16.02,95.33,1,12,-51.6
2025-12-06T17:55:47.754114,37.6277580,-122.3993784,31.11,11.88,-2.96,1.51,-0.53,87.11,RTL,1,16.01,95.33,1,14,-51.6
2025-12-06T17:55:47.954114,37.6277793,-122.3993770,30.51,11.92,-2.99,1.71,-0.82,87.04,RTL,1,15.99,95.32,1,13,-51.5
2025-12-06T17:55:48.154114,37.6278007,-122.3993756,29.91,11.92,-3.08,0.85,-0.45,87.06,RTL,1,16.02,95.32,1,14,-51.5
2025-12-06T17:55:48.354114,37.6278219,-122.3993742,29.30,11.81,-3.00,1.15,-0.73,87.02,RTL,1,16.03,95.32,1,12,-51.6
2025-12-06T17:55:48.554114,37.6278433,-122.3993728,28.71,11.92,-3.01,1.19,-0.33,87.01,RTL,1,16.01,95.31,1,12,-51.6
2025-12-06T17:55:48.754114,37.6278647,-122.3993714,28.14,11.93,-3.01,0.74,-0.39,86.91,RTL,1,16.01,95.31,1,15,-51.7
2025-12-06T17:55:48.954114,37.6278860,-122.3993699,27.51,11.88,-3.03,1.41,-0.57,86.92,RTL,1,16.02,95.30,1,11,-51.7
2025-12-06T17:55:49.154114,37.6279074,-122.3993685,26.89,11.93,-3.14,0.59,-0.71,86.92,RTL,1,16.02,95.30,1,14,-51.6
2025-12-06T17:55:49.354114,37.6279289,-122.3993670,26.29,11.95,-3.02,0.65,-0.85,86.92,RTL,1,16.02,95.30,1,12,-51.7
2025-12-06T17:55:49.554114,37.6279502,-122.3993656,25.67,11.92,-3.00,1.08,-0.44,86.91,RTL,1,16.00,95.29,1,15,-51.7
2025-12-06T17:55:49.754114,37.6279716,-122.3993641,25.10,11.88,-3.01,0.72,-0.53,86.88,RTL,1,16.02,95.29,1,13,-51.6
2025-12-06T17:55:49.954114,37.6279928,-122.3993626,24.50,11.83,-3.03,1.14,-0.26,86.85,RTL,1,16.02,95.28,1,17,-51.7
2025-12-06T17:55:50.154114,37.6280140,-122.3993612,23.92,11.81,-3.02,0.85,-0.52,86.87,RTL,1,16.01,95.28,1,14,-51.6
2025-12-06T17:55:50.354114,37.6280353,-122.3993597,23.32,11.90,-2.99,0.71,-0.39,86.85,RTL,1,16.00,95.28,1,15,-51.7
2025-12-06T17:55:50.554114,37.6280567,-122.3993581,22.71,11.90,-2.92,0.51,-0.49,86.73,RTL,1,16.00,95.27,1,13,-51.6
2025-12-06T17:55:50.754114,37.6280782,-122.3993566,22.13,12.01,-2.97,0.81,-0.20,86.78,RTL,1,16.01,95.27,1,13,-51.5
2025-12-06T17:55:50.954114,37.6280998,-122.3993551,21.55,12.03,-3.07,0.88,-0.01,86.83,RTL,1,15.99,95.26,1,13,-51.5
2025-12-06T17:55:51.154114,37.6281215,-122.3993536,20.93,12.10,-2.95,0.63,-0.53,86.82,RTL,1,16.01,95.26,1,13,-51.6
2025-12-06T17:55:51.354114,37.6281432,-122.3993521,20.37,12.10,-3.02,0.52,-0.34,86.82,RTL,1,16.01,95.26,1,13,-51.6
2025-12-06T17:55:51.554114,37.6281650,-122.3993506,19.75,12.16,-3.01,0.42,-0.55,86.87,RTL,1,16.00,95.25,0,4,-51.6
2025-12-06T17:55:51.754114,37.6281868,-122.3993491,19.18,12.12,-2.90,0.40,-0.13,86.92,RTL,1,16.00,95.25,1,15,-51.5
2025-12-06T17:55:51.954114,37.6282086,-122.3993476,18.61,12.17,-2.84,0.33,-0.55,86.93,RTL,1,15.98,95.24,1,14,-51.4
2025-12-06T17:55:52.154114,37.6282303,-122.3993461,18.10,12.11,-2.54,-0.04,-0.17,86.88,RTL,1,15.98,95.24,1,12,-51.4
2025-12-06T17:55:52.354114,37.6282519,-122.3993446,17.62,12.05,-2.51,0.11,-0.77,86.86,RTL,1,16.00,95.24,1,15,-51.3
2025-12-06T17:55:52.554114,37.6282734,-122.3993431,17.12,11.96,-2.41,0.14,-0.58,86.85,RTL,1,16.01,95.23,1,12,-51.3
2025-12-06T17:55:52.754114,37.6282949,-122.3993416,16.65,12.00,-2.20,0.23,-0.36,86.87,RTL,1,15.98,95.23,1,13,-51.4
2025-12-06T17:55:52.954114,37.6283164,-122.3993402,16.23,11.97,-2.15,-0.10,-0.13,86.89,RTL,1,15.99,95.22,1,13,-51.4
2025-12-06T17:55:53.154114,37.6283377,-122.3993387,15.78,11.86,-2.05,0.59,-0.35,86.92,RTL,1,16.01,95.22,1,13,-51.4
2025-12-06T17:55:53.354114,37.6283591,-122.3993373,15.36,11.92,-2.05,0.15,0.17,86.91,RTL,1,16.00,95.22,1,13,-51.4
2025-12-06T17:55:53.554114,37.6283804,-122.3993358,15.00,11.89,-1.89,0.41,0.02,86.94,RTL,1,15.99,95.21,1,10,-51.3
2025-12-06T17:55:53.754114,37.6284018,-122.3993344,14.65,11.90,-1.77,0.34,-0.10,87.00,RTL,1,15.99,95.21,1,15,-51.3
2025-12-06T17:55:53.954114,37.6284232,-122.3993330,14.33,11.95,-1.57,0.04,0.20,87.02,RTL,1,16.00,95.20,1,14,-51.3
2025-12-06T17:55:54.154114,37.6284445,-122.3993316,14.05,11.90,-1.58,-0.10,-0.23,87.06,RTL,1,15.99,95.20,1,15,-51.2
